{"type":"FeatureCollection","features":[{"type":"Feature","properties":{"name":"Mien Ruyspark","osmRef":"way/4915623"},"geometry":{"type":"Polygon","coordinates":[[[4.4791574,52.1956752],[4.4791371,52.1957189],[4.4790938,52.1958122],[4.4789575,52.1962225],[4.4789061,52.1963314],[4.478713,52.1967406],[4.478689,52.1967944],[4.4785088,52.1967661],[4.477053,52.1965626],[4.4770019,52.196555],[4.4770369,52.1964636],[4.4770488,52.1964324],[4.4771184,52.1962504],[4.4771299,52.1962204],[4.4771486,52.1961562],[4.4772879,52.1962027],[4.4774201,52.1959042],[4.4773766,52.1959003],[4.4773625,52.1958997],[4.4772613,52.1959024],[4.4772411,52.1959186],[4.4771606,52.1959182],[4.4772888,52.1955905],[4.4772914,52.1955378],[4.477318,52.1954529],[4.4773719,52.1954399],[4.477437,52.1954373],[4.4775309,52.1954506],[4.4789344,52.1956488],[4.4790738,52.1956707],[4.4791574,52.1956752]]]}},{"type":"Feature","properties":{"name":"F.B. Hotzpark","osmRef":"way/5105661"},"geometry":{"type":"Polygon","coordinates":[[[4.477648,52.1934989],[4.4777467,52.193507],[4.4780466,52.1935308],[4.4781207,52.1935377],[4.4781778,52.1935467],[4.4784127,52.1935869],[4.4786992,52.1936294],[4.4789154,52.1936304],[4.4791808,52.1935521],[4.4792097,52.1935157],[4.4792118,52.1934792],[4.4792201,52.1933438],[4.4791265,52.1932117],[4.47895,52.1930757],[4.4787527,52.1930143],[4.4784973,52.1930086],[4.4782715,52.1930161],[4.4782072,52.1930001],[4.4778889,52.1929383],[4.4778147,52.1929554],[4.4777769,52.1929879],[4.4776253,52.1934612],[4.477648,52.1934989]]]}},{"type":"Feature","properties":{"name":"Burgemeester Berkhoutpark","osmRef":"way/6315751"},"geometry":{"type":"Polygon","coordinates":[[[4.4467117,52.126937],[4.4461581,52.1271912],[4.445598,52.1274576],[4.4459266,52.1276901],[4.4457211,52.127795],[4.4456963,52.1278089],[4.4457205,52.1278253],[4.4457519,52.1278467],[4.4457735,52.1278621],[4.4457192,52.127894],[4.4458816,52.1279994],[4.4461123,52.1281514],[4.4462921,52.1282706],[4.4461015,52.1283767],[4.4457921,52.1285478],[4.4458604,52.1285873],[4.4458787,52.1285979],[4.4463734,52.1289115],[4.4465318,52.1290064],[4.4465937,52.1290435],[4.4466033,52.1290603],[4.447749,52.1297538],[4.4477824,52.1297542],[4.4479623,52.1298584],[4.4479984,52.1298794],[4.4483069,52.1297012],[4.4484892,52.1295958],[4.4485939,52.1295365],[4.4489399,52.1293323],[4.4490927,52.1292385],[4.4492161,52.1291479],[4.4495621,52.1288993],[4.4498894,52.1286737],[4.4500637,52.1285453],[4.4501871,52.1284629],[4.4503771,52.1283187],[4.4502992,52.1282798],[4.4492943,52.1277882],[4.4491362,52.1278982],[4.44898,52.1278203],[4.4490958,52.1277417],[4.4490341,52.1277063],[4.4489399,52.1277714],[4.4487826,52.1278728],[4.4487038,52.1278315],[4.4488433,52.1277417],[4.4487655,52.1276964],[4.4486797,52.127708],[4.4486488,52.1276915],[4.4485228,52.1276174],[4.4483609,52.1275187],[4.4482639,52.1274634],[4.4480266,52.1275417],[4.4477916,52.1276174],[4.4477327,52.1275499],[4.4476162,52.1274198],[4.4475955,52.1272896],[4.4473721,52.1272716],[4.4471744,52.1272244],[4.4471342,52.1272109],[4.4470985,52.1271917],[4.4470328,52.127158],[4.4469041,52.1270781],[4.4467847,52.12699],[4.4467117,52.126937]]]}},{"type":"Feature","properties":{"name":"Polderpark Cronesteyn","osmRef":"way/6315783"},"geometry":{"type":"Polygon","coordinates":[[[4.4949473,52.1324585],[4.494842,52.132541],[4.4920334,52.1352693],[4.4919336,52.1353683],[4.4918115,52.1354921],[4.4890059,52.1384942],[4.4888552,52.1387531],[4.4888157,52.1390159],[4.488829,52.1393331],[4.4887886,52.1396304],[4.4886738,52.1400832],[4.4882321,52.1407391],[4.4889586,52.1410028],[4.4896249,52.1412468],[4.4898608,52.1414903],[4.4928036,52.1423387],[4.4928,52.1423],[4.4941,52.1425],[4.4952,52.1428],[4.497,52.1436],[4.4993,52.1443],[4.4995285,52.1443107],[4.4995924,52.144285],[4.499704,52.1442423],[4.500056,52.1441254],[4.5003651,52.1440182],[4.5007346,52.1438947],[4.5008762,52.1438487],[4.5016281,52.1436061],[4.5021259,52.143449],[4.5032861,52.1430669],[4.5036731,52.1429358],[4.5057756,52.142219],[4.5061931,52.1420766],[4.5065893,52.1419387],[4.5066211,52.1419248],[4.506622,52.1419157],[4.5066185,52.1419075],[4.5066083,52.1419001],[4.5065628,52.1418881],[4.5065162,52.1418787],[4.5064232,52.1418631],[4.5063399,52.1418444],[4.5062412,52.141817],[4.5061569,52.141792],[4.5061025,52.141772],[4.5060673,52.1417585],[4.5059845,52.1417203],[4.5059196,52.1416819],[4.5058477,52.1416385],[4.5057734,52.1415855],[4.5056994,52.1415135],[4.505614,52.1414162],[4.5055639,52.1413308],[4.5055441,52.1412829],[4.5055274,52.141223],[4.5055129,52.1411741],[4.5054832,52.1411008],[4.5053767,52.1407645],[4.5053697,52.1407446],[4.5053635,52.1407273],[4.5053558,52.1407056],[4.5050643,52.1398062],[4.5050245,52.1396934],[4.5049914,52.1395656],[4.5049602,52.1393669],[4.5049517,52.1392057],[4.5056357,52.1383161],[4.5056089,52.1379635],[4.5053073,52.1376325],[4.5044525,52.1370853],[4.4993423,52.1342792],[4.4994057,52.1342299],[4.4986744,52.1338562],[4.4971065,52.1330505],[4.497045,52.1330194],[4.4967624,52.1331787],[4.4951585,52.1324667],[4.4949473,52.1324585]]]}},{"type":"Feature","properties":{"name":"Park De Bult","osmRef":"way/6315792"},"geometry":{"type":"Polygon","coordinates":[[[4.5084886,52.1470557],[4.5085359,52.1470392],[4.5085774,52.1470096],[4.5086572,52.1470672],[4.508619,52.1470935],[4.5085868,52.147133],[4.508516,52.1471378],[4.5085774,52.1471898],[4.5085429,52.1472372],[4.5084302,52.147359],[4.5086269,52.1474235],[4.5088317,52.1471332],[4.5093435,52.1467423],[4.5098863,52.1464339],[4.5102527,52.1467125],[4.5104128,52.1467472],[4.5105677,52.1466973],[4.5110568,52.1462658],[4.5111433,52.1461808],[4.5112506,52.1460872],[4.5127333,52.1444798],[4.5118552,52.1440289],[4.5116952,52.1440575],[4.5114819,52.1439041],[4.5117132,52.1437688],[4.5117466,52.1435002],[4.5113559,52.1434712],[4.5112473,52.1435167],[4.5109539,52.1435061],[4.5105155,52.143454],[4.5085875,52.1432626],[4.5082518,52.1437748],[4.5079085,52.1444785],[4.5078691,52.1452723],[4.5077753,52.1454029],[4.5076518,52.1455109],[4.5073418,52.1457339],[4.5071277,52.1458974],[4.5072739,52.1459634],[4.5072694,52.1460032],[4.5070152,52.1461798],[4.5070153,52.1462169],[4.5064419,52.1466581],[4.5069938,52.1467417],[4.507235,52.1467787],[4.5074847,52.1468696],[4.5078046,52.1470871],[4.5079769,52.1472287],[4.5084886,52.1470557]]]}},{"type":"Feature","properties":{"name":"Landgoed Ter Wadding","osmRef":"way/6315800"},"geometry":{"type":"Polygon","coordinates":[[[4.4588983,52.148657],[4.459144,52.1488521],[4.4603042,52.1493557],[4.460439,52.149498],[4.4605383,52.1495478],[4.4606562,52.1495778],[4.4608185,52.1496038],[4.4610142,52.1496576],[4.4616,52.1501],[4.4617,52.1502],[4.4619,52.1503],[4.4625,52.1501],[4.4624,52.1498],[4.4623288,52.1493831],[4.4625,52.1489],[4.4626,52.1488],[4.4609,52.1481],[4.4608553,52.1480828],[4.460114,52.1477914],[4.4598401,52.147995],[4.4592527,52.1484362],[4.4589802,52.1485088],[4.4589291,52.1485313],[4.4588978,52.1485828],[4.4588983,52.148657]]]}},{"type":"Feature","properties":{"name":"Park De Houtkamp","osmRef":"way/6315823"},"geometry":{"type":"Polygon","coordinates":[[[4.5324044,52.1558586],[4.5322125,52.1559567],[4.53209,52.1559809],[4.5317385,52.1562105],[4.5317427,52.1562439],[4.5316886,52.1562733],[4.5315982,52.1563318],[4.530863,52.15684],[4.5308203,52.156868],[4.5299398,52.1574455],[4.5298612,52.1574971],[4.5298345,52.1575182],[4.529562,52.1577022],[4.5295256,52.1577233],[4.5289866,52.1580707],[4.5285746,52.1583474],[4.5284234,52.158449],[4.5289364,52.158677],[4.5291411,52.1587945],[4.5291164,52.1588565],[4.5287504,52.1591131],[4.5289502,52.1592416],[4.5288511,52.1593847],[4.5285183,52.1596535],[4.5284607,52.1596355],[4.5287462,52.1597869],[4.5289766,52.1599083],[4.5296636,52.1603088],[4.5297296,52.1602667],[4.5299713,52.1603988],[4.5298952,52.1604416],[4.5308339,52.1609543],[4.5309925,52.1610471],[4.5316878,52.1614541],[4.5322021,52.1611134],[4.5325603,52.1608656],[4.5328614,52.160667],[4.5329732,52.1605586],[4.5330199,52.1605126],[4.5331609,52.1604002],[4.5332096,52.1603389],[4.5333883,52.1601691],[4.5334312,52.1601306],[4.5334914,52.1600634],[4.533641,52.1598833],[4.5340721,52.1593319],[4.5343239,52.1589782],[4.535257,52.157634],[4.5354826,52.1572976],[4.5355111,52.1572548],[4.5355552,52.1571951],[4.5357557,52.1569026],[4.5357312,52.1568326],[4.5357236,52.1567845],[4.5356944,52.1567365],[4.5341814,52.1563216],[4.5324733,52.1558546],[4.5324327,52.1558517],[4.5324044,52.1558586]]]}},{"type":"Feature","properties":{"name":"Endegeest","osmRef":"way/6315853"},"geometry":{"type":"Polygon","coordinates":[[[4.463302,52.1765214],[4.46462,52.17703],[4.46521,52.17718],[4.4665,52.1773],[4.466786,52.1772406],[4.46703,52.17719],[4.46763,52.17675],[4.46824,52.17633],[4.4691569,52.1757805],[4.4685999,52.1754683],[4.4668274,52.1736988],[4.4657583,52.1737193],[4.4657321,52.1735831],[4.4656604,52.1729585],[4.4654446,52.1722665],[4.4652632,52.1719514],[4.4645657,52.1711033],[4.4634887,52.1708782],[4.4630559,52.1710173],[4.461515,52.1714993],[4.4611821,52.1730081],[4.4606785,52.1733457],[4.4634781,52.1748049],[4.4634895,52.1758077],[4.463302,52.1765214]]]}},{"type":"Feature","properties":{"name":"Merenwijkpark","osmRef":"way/6315862"},"geometry":{"type":"Polygon","coordinates":[[[4.5086872,52.1765744],[4.5084476,52.1764633],[4.508206,52.1763285],[4.5080972,52.1763449],[4.5080756,52.1763475],[4.5079856,52.1763581],[4.5078634,52.1763758],[4.5077535,52.1764139],[4.5076614,52.1764528],[4.5074663,52.1765744],[4.5072477,52.1767136],[4.5067834,52.176908],[4.5066895,52.1770422],[4.5065957,52.1771095],[4.506378,52.1771594],[4.5056556,52.1772562],[4.5055549,52.1772868],[4.5054153,52.1772102],[4.5053987,52.1771988],[4.5053651,52.1772685],[4.5053558,52.1773119],[4.505392,52.1773655],[4.5054411,52.1774088],[4.5049571,52.177739],[4.5048002,52.177846],[4.5047373,52.1778432],[4.5041157,52.1779211],[4.5041445,52.1779928],[4.5045805,52.1779414],[4.5046719,52.1782093],[4.5047298,52.1782025],[4.5047483,52.1782631],[4.5048952,52.1787435],[4.5047301,52.1787697],[4.5047585,52.1788515],[4.5046919,52.1788977],[4.5044991,52.1789266],[4.5044026,52.1789389],[4.50384,52.1790103],[4.5038547,52.17909],[4.5035962,52.1791378],[4.5034927,52.1791773],[4.5049629,52.1792924],[4.5051045,52.1793777],[4.5054028,52.1795295],[4.505582,52.1795791],[4.5056094,52.1797093],[4.5056086,52.1798339],[4.5056101,52.1801645],[4.505605,52.1803259],[4.504549,52.1808075],[4.5042221,52.1809339],[4.5040409,52.1811597],[4.5040196,52.1812203],[4.5040423,52.181458],[4.5041216,52.181579],[4.5042004,52.1816217],[4.504288,52.1816471],[4.5044837,52.1816643],[4.5047109,52.1816078],[4.50487,52.1815507],[4.5056128,52.1811974],[4.5060099,52.1810282],[4.5064163,52.1808578],[4.5067794,52.1807139],[4.507251,52.18051],[4.5075096,52.1804211],[4.5070413,52.1801231],[4.5071562,52.1800327],[4.50727,52.1799432],[4.5075831,52.1796973],[4.5074041,52.1796388],[4.5081036,52.1790253],[4.5089181,52.1793708],[4.5097334,52.1787217],[4.5099668,52.1786451],[4.5114055,52.1786369],[4.5115243,52.1787559],[4.5116718,52.1787524],[4.5116731,52.1787442],[4.5117117,52.1785059],[4.5117762,52.1784229],[4.5118226,52.1783946],[4.511742,52.1783886],[4.5115503,52.1782776],[4.511427,52.1782134],[4.5111841,52.1780675],[4.5110949,52.1777244],[4.5110096,52.1776083],[4.5109693,52.1775508],[4.5109527,52.1774905],[4.5109442,52.1773526],[4.5108299,52.1771743],[4.5107563,52.1769803],[4.5106902,52.1769456],[4.5103092,52.1769108],[4.5102112,52.1768889],[4.5101132,52.1768619],[4.5099365,52.1767962],[4.5096277,52.1767043],[4.5095717,52.1766949],[4.5088026,52.1766851],[4.5086872,52.1765744]]]}},{"type":"Feature","properties":{"name":"Overbosch","osmRef":"way/6315947"},"geometry":{"type":"Polygon","coordinates":[[[4.4788131,52.2135496],[4.4786076,52.2136171],[4.4786022,52.2137825],[4.4786,52.214],[4.4784953,52.2141373],[4.4785,52.2143],[4.4784,52.2145],[4.4784,52.2147],[4.4782,52.2148],[4.4779,52.2149],[4.4777,52.2149],[4.4778,52.2146],[4.4778,52.2144],[4.4775,52.2143],[4.4773951,52.2142157],[4.4769,52.2145],[4.4776843,52.2151229],[4.4760085,52.2159633],[4.4765,52.2165],[4.4768255,52.2168977],[4.4772537,52.217382],[4.4775555,52.2175011],[4.4777442,52.2175138],[4.4778113,52.2173938],[4.4786,52.2142],[4.4788131,52.2135496]]]}},{"type":"Feature","properties":{"name":"Leidse Hout","osmRef":"way/6325515"},"geometry":{"type":"Polygon","coordinates":[[[4.4804537,52.1742669],[4.4775689,52.1751066],[4.4763605,52.1755588],[4.4754416,52.1759471],[4.4744103,52.1764062],[4.4749371,52.1767357],[4.4757766,52.1771834],[4.4759784,52.1772944],[4.4763633,52.177542],[4.47666,52.1778092],[4.4774423,52.1784651],[4.4782032,52.1790521],[4.4784687,52.1792554],[4.4787927,52.1795065],[4.4797432,52.1789946],[4.4807861,52.1796058],[4.4822475,52.17888],[4.4821662,52.1788116],[4.4805494,52.1773894],[4.4809895,52.1767236],[4.4813548,52.1764985],[4.4818133,52.1762359],[4.4829209,52.1756909],[4.483344,52.1755062],[4.4838554,52.1751351],[4.482905,52.1749742],[4.4826761,52.1749125],[4.4809737,52.1743993],[4.4808143,52.174384],[4.4805341,52.1743667],[4.4805105,52.1743359],[4.4804537,52.1742669]]]}},{"type":"Feature","properties":{"name":"Hofbrouckerpark","osmRef":"way/10068678"},"geometry":{"type":"Polygon","coordinates":[[[4.4810477,52.184435],[4.4795303,52.1829355],[4.4794315,52.1828378],[4.4793495,52.1827567],[4.4792535,52.1826619],[4.4788829,52.1828213],[4.4788656,52.1828287],[4.4786517,52.1826085],[4.477941,52.1828547],[4.4771055,52.1830391],[4.4771318,52.1834243],[4.4778809,52.1833368],[4.4780274,52.18396],[4.477724,52.1840186],[4.4779728,52.1846714],[4.4783867,52.1846228],[4.478507,52.185062],[4.4787707,52.1850488],[4.4795143,52.1849559],[4.4802551,52.1847514],[4.4810477,52.184435]]]}},{"type":"Feature","properties":{"name":"Ankerpark","osmRef":"way/23147392"},"geometry":{"type":"Polygon","coordinates":[[[4.5039671,52.1612216],[4.5038151,52.1604009],[4.5038119,52.1603748],[4.5038107,52.1603653],[4.5038072,52.1603404],[4.5038079,52.1603291],[4.5036294,52.1597094],[4.5036262,52.1597033],[4.5036239,52.159694],[4.5036222,52.1596892],[4.5036119,52.1596607],[4.5042501,52.1595797],[4.5044298,52.1602476],[4.5045295,52.1603023],[4.5047103,52.1604016],[4.5051655,52.160649],[4.5053145,52.1607302],[4.5053204,52.1607945],[4.5052639,52.1608288],[4.5048302,52.1610524],[4.5046407,52.1611816],[4.5044056,52.1612519],[4.5040365,52.161226],[4.5040117,52.1612246],[4.5039671,52.1612216]]]}},{"type":"Feature","properties":{"name":"Rhijngeest","osmRef":"way/24261547"},"geometry":{"type":"Polygon","coordinates":[[[4.4619427,52.1758697],[4.4620977,52.1750427],[4.4614838,52.1749441],[4.4615,52.1745],[4.461398,52.1744292],[4.4611669,52.1743225],[4.4610207,52.1743097],[4.4605544,52.1743271],[4.4597334,52.1744101],[4.4594739,52.1752075],[4.459175,52.1751708],[4.4589471,52.1761046],[4.4585,52.1768],[4.4585,52.1769],[4.4587,52.177],[4.4588,52.1773],[4.4599,52.1773],[4.4604,52.1776],[4.4612,52.1777],[4.4628,52.1778],[4.4628977,52.1766616],[4.4630363,52.1759146],[4.4619427,52.1758697]]]}},{"type":"Feature","properties":{"name":"Nieuweroord","osmRef":"way/25771147"},"geometry":{"type":"Polygon","coordinates":[[[4.4745863,52.1728234],[4.4766339,52.1721326],[4.4759697,52.1713773],[4.4756144,52.1710597],[4.4752321,52.1707179],[4.4747601,52.1709661],[4.4731059,52.1718084],[4.4737319,52.1723548],[4.4745863,52.1728234]]]}},{"type":"Feature","properties":{"name":"Van der Werfpark","osmRef":"way/26393234"},"geometry":{"type":"Polygon","coordinates":[[[4.489383,52.1551639],[4.4893051,52.155272],[4.4892488,52.1554391],[4.4891813,52.155727],[4.4901314,52.155736],[4.4913124,52.1557838],[4.4915363,52.1557981],[4.4920883,52.1558285],[4.492161,52.1558427],[4.4921979,52.1557563],[4.4921992,52.1556802],[4.4921791,52.155611],[4.4921492,52.155612],[4.4919998,52.1555982],[4.492007,52.1555667],[4.4919409,52.155561],[4.4919541,52.1555037],[4.4920025,52.1555079],[4.4920046,52.1554986],[4.491998,52.1554378],[4.4919632,52.1553807],[4.4919089,52.1553209],[4.4917982,52.1552881],[4.4917208,52.1552699],[4.4916004,52.1552568],[4.4916031,52.1552453],[4.491586,52.1552432],[4.4913072,52.1552179],[4.489926,52.1551745],[4.4899063,52.1552341],[4.4896437,52.1552079],[4.489383,52.1551639]]]}},{"type":"Feature","properties":{"name":"Huigpark","osmRef":"way/26807061"},"geometry":{"type":"Polygon","coordinates":[[[4.4958676,52.1641065],[4.4951869,52.1641807],[4.4951105,52.163888],[4.4953106,52.1638738],[4.4956521,52.1638384],[4.4961528,52.1637672],[4.4966242,52.1637204],[4.4966113,52.1636568],[4.4970481,52.1636116],[4.4970011,52.1633927],[4.4978126,52.1633083],[4.4983378,52.1632335],[4.4983604,52.1632698],[4.4985527,52.1636215],[4.498558,52.1636205],[4.4988526,52.1635632],[4.4990251,52.1635297],[4.4990311,52.1635384],[4.4990615,52.1635829],[4.4998129,52.1634363],[4.4998411,52.1635],[4.4998901,52.1635264],[4.4999063,52.1635351],[4.499819,52.1636057],[4.4993838,52.1637166],[4.4988435,52.1641435],[4.4987202,52.1641969],[4.4985894,52.1642218],[4.4984756,52.1642245],[4.4983624,52.1642104],[4.4982073,52.1641615],[4.4980843,52.1641151],[4.4980006,52.1640764],[4.4979681,52.1640368],[4.497926,52.1639684],[4.4979011,52.1638886],[4.4978626,52.1638826],[4.4973018,52.1639487],[4.496456,52.1640412],[4.4958676,52.1641065]]]}},{"type":"Feature","properties":{"name":"Bos van Bosman","osmRef":"way/27542020"},"geometry":{"type":"Polygon","coordinates":[[[4.4731059,52.1718084],[4.4722854,52.1709599],[4.4718768,52.1704586],[4.4714849,52.1697383],[4.4714629,52.1696318],[4.4730308,52.1696521],[4.473149,52.1696539],[4.4748458,52.1699523],[4.475087,52.1701329],[4.4756444,52.1705053],[4.4752321,52.1707179],[4.4747601,52.1709661],[4.4731059,52.1718084]]]}},{"type":"Feature","properties":{"name":"Park de Put","osmRef":"way/27781643"},"geometry":{"type":"Polygon","coordinates":[[[4.4824072,52.1617931],[4.4824031,52.1617686],[4.4823433,52.1614463],[4.482335,52.1614124],[4.4823086,52.1613938],[4.4821587,52.1613675],[4.4820918,52.1613923],[4.4820292,52.1614393],[4.4819243,52.1614442],[4.4819121,52.1614695],[4.4818145,52.1614253],[4.4818222,52.1615398],[4.4818252,52.161584],[4.4818282,52.1616273],[4.4818383,52.161777],[4.4818441,52.1618285],[4.4824072,52.1617931]]]}},{"type":"Feature","properties":{"name":"Park Hooghkamer","osmRef":"way/28552051"},"geometry":{"type":"Polygon","coordinates":[[[4.4709206,52.1380767],[4.4716934,52.1381945],[4.4728186,52.1384903],[4.4733865,52.1385325],[4.4739198,52.1380245],[4.4736555,52.1379244],[4.4722601,52.1375386],[4.4717482,52.1373335],[4.4691615,52.1364429],[4.4692623,52.1363378],[4.468679,52.136102],[4.468159,52.1359177],[4.4679821,52.1361072],[4.467574,52.1366335],[4.4674081,52.1370014],[4.4673124,52.1374187],[4.4673017,52.13752],[4.4696869,52.1378596],[4.4698611,52.1380891],[4.4707578,52.1381373],[4.4709206,52.1380767]]]}},{"type":"Feature","properties":{"name":"Park Kweeklust","osmRef":"way/28610487"},"geometry":{"type":"Polygon","coordinates":[[[4.4662793,52.1613392],[4.4657579,52.1611738],[4.4652207,52.1609467],[4.4645719,52.160654],[4.4642084,52.1606109],[4.4637839,52.16064],[4.4634908,52.1607368],[4.463865,52.1611037],[4.4647764,52.1615959],[4.4644398,52.1621293],[4.463892,52.1623361],[4.4639121,52.1623576],[4.4641936,52.1626595],[4.4649025,52.1627676],[4.4652339,52.1625426],[4.4658823,52.1628069],[4.4658541,52.1628432],[4.4664431,52.1629902],[4.466434,52.163015],[4.4670875,52.163066],[4.4670469,52.163262],[4.4675355,52.1633801],[4.4679125,52.1633739],[4.4685309,52.1632204],[4.4690766,52.1630594],[4.4692808,52.163003],[4.4695285,52.1629794],[4.4697197,52.1629752],[4.4697182,52.163067],[4.4697562,52.1631669],[4.4698122,52.1631894],[4.4698834,52.1631963],[4.4701197,52.1631958],[4.4705183,52.1632055],[4.4705249,52.163229],[4.4715149,52.1632721],[4.4716914,52.1632679],[4.4717925,52.163222],[4.4719692,52.1627656],[4.4718948,52.1627542],[4.471803,52.1629629],[4.4715332,52.162921],[4.4714985,52.1629954],[4.4705929,52.1628712],[4.4697069,52.1626324],[4.4698319,52.1623698],[4.4694207,52.1622917],[4.4693997,52.1623314],[4.4688251,52.162227],[4.468846,52.1621815],[4.4685886,52.1621468],[4.4685205,52.1621383],[4.4671263,52.1617253],[4.4667697,52.1616057],[4.4664973,52.1615023],[4.4662793,52.1613392]]]}},{"type":"Feature","properties":{"name":"Tasmanpark","osmRef":"way/30408343"},"geometry":{"type":"Polygon","coordinates":[[[4.5106906,52.1589434],[4.5109711,52.1589156],[4.5111147,52.1589884],[4.5114473,52.158962],[4.5117376,52.1586737],[4.5117125,52.158519],[4.5116465,52.1585243],[4.5115079,52.1580758],[4.5115029,52.1580591],[4.5113147,52.1574959],[4.5113736,52.1574885],[4.5113104,52.1572984],[4.51127,52.1572539],[4.5104641,52.1573395],[4.5101726,52.1572202],[4.5101519,52.1573242],[4.5104628,52.1582162],[4.510665,52.1588617],[4.5106906,52.1589434]]]}},{"type":"Feature","properties":{"name":"Park Arentsburg","osmRef":"way/30829683"},"geometry":{"type":"Polygon","coordinates":[[[4.3482198,52.0567897],[4.3481811,52.0567842],[4.3480855,52.0567357],[4.3475069,52.0570439],[4.3471618,52.0573364],[4.3471259,52.0574539],[4.3473698,52.0576038],[4.3474444,52.0577038],[4.347449,52.0578709],[4.3474405,52.057912],[4.3474103,52.057984],[4.3473345,52.0580864],[4.3471937,52.0582399],[4.3471985,52.0582656],[4.3472024,52.0582916],[4.3471257,52.0583721],[4.3472323,52.0584077],[4.3472621,52.0583732],[4.3473243,52.058382],[4.3474995,52.0584361],[4.3475189,52.0584635],[4.3475613,52.0584883],[4.3475268,52.0585295],[4.3482577,52.0587862],[4.3482057,52.0588407],[4.3479399,52.0591193],[4.348368,52.0592741],[4.3478656,52.0597928],[4.3482025,52.0599155],[4.3473885,52.0607099],[4.3483969,52.0611188],[4.3492855,52.0602028],[4.3493779,52.0601347],[4.3494404,52.0600982],[4.3495646,52.0600473],[4.3497707,52.0598362],[4.3498681,52.0598703],[4.3502135,52.059487],[4.3503398,52.0595268],[4.3511322,52.0587154],[4.3509178,52.0584802],[4.3504452,52.0581355],[4.3491956,52.0573705],[4.3490115,52.0572391],[4.3484853,52.0569476],[4.3482198,52.0567897]]]}},{"type":"Feature","properties":{"name":"Park Rosenburgh","osmRef":"way/31246460"},"geometry":{"type":"Polygon","coordinates":[[[4.4273951,52.1177745],[4.4267234,52.1180893],[4.4254516,52.1185049],[4.4252892,52.1183577],[4.4252274,52.1183504],[4.4240602,52.11886],[4.4240683,52.1189245],[4.4242233,52.11912],[4.4246508,52.1193717],[4.4253813,52.1198506],[4.4255221,52.1200522],[4.4267046,52.1208437],[4.4269774,52.1209222],[4.4282957,52.1202953],[4.4288183,52.1200291],[4.428977,52.1200278],[4.4293083,52.1202132],[4.4293319,52.1202269],[4.4297727,52.1204833],[4.4298833,52.1205098],[4.4299627,52.1205304],[4.4300931,52.1204942],[4.4311001,52.1200821],[4.4310072,52.1199669],[4.4321269,52.1196276],[4.432247,52.1192562],[4.4318783,52.1187995],[4.4307273,52.1174351],[4.430533,52.1172119],[4.4303092,52.1169547],[4.430153,52.1169619],[4.4290496,52.1173146],[4.4289725,52.1173093],[4.4285988,52.1169788],[4.4280081,52.1172537],[4.4280416,52.1173176],[4.4280469,52.1173766],[4.4274347,52.117645],[4.4273951,52.1177745]]]}},{"type":"Feature","properties":{"name":"Groot Zijdepark","osmRef":"way/53566825"},"geometry":{"type":"Polygon","coordinates":[[[4.3780823,52.0888756],[4.3780235,52.0889309],[4.3778498,52.0889325],[4.3776788,52.0888632],[4.3775403,52.088699],[4.3775345,52.0883953],[4.3778838,52.088123],[4.377938,52.0880987],[4.3779994,52.0880154],[4.3790125,52.0866264],[4.3790904,52.0866221],[4.3791682,52.0865958],[4.3792187,52.0865503],[4.3792313,52.0864862],[4.3791905,52.0864462],[4.3791312,52.0864246],[4.3794303,52.085995],[4.3794827,52.0858708],[4.3797225,52.0854624],[4.3820604,52.0862989],[4.381964,52.0864152],[4.3824382,52.0865939],[4.3819677,52.0871605],[4.3823448,52.0872967],[4.3825525,52.0873709],[4.3825363,52.0873907],[4.382646,52.0874286],[4.3819879,52.088093],[4.3820172,52.0881616],[4.3818615,52.0883171],[4.3819013,52.0883319],[4.3818301,52.0884047],[4.3818534,52.0884134],[4.3817869,52.0884803],[4.3817424,52.088487],[4.381655,52.0884573],[4.3815719,52.0885404],[4.3813026,52.0884388],[4.381275,52.0884666],[4.3810494,52.0883815],[4.3809966,52.0884347],[4.3809724,52.0884253],[4.3809621,52.0884233],[4.3809532,52.0884234],[4.3809464,52.0884244],[4.3809422,52.0884259],[4.3809092,52.0884591],[4.3809065,52.0884647],[4.3809077,52.0884712],[4.3809116,52.0884751],[4.3809446,52.0884875],[4.3809255,52.0885067],[4.380828,52.0885194],[4.3799563,52.0882515],[4.3793986,52.088196],[4.3790247,52.0880556],[4.3784262,52.0886172],[4.3780823,52.0888756]]]}},{"type":"Feature","properties":{"name":"Berkenrodepark","osmRef":"way/77745614"},"geometry":{"type":"Polygon","coordinates":[[[5.0168353,51.5849096],[5.0170877,51.5850709],[5.0178851,51.584589],[5.0179107,51.5845607],[5.0178967,51.5845433],[5.0176722,51.5844016],[5.0168353,51.5849096]]]}},{"type":"Feature","properties":{"osmRef":"way/77836215"},"geometry":{"type":"Polygon","coordinates":[[[5.070083,51.5446509],[5.0701783,51.5446238],[5.0699925,51.5444219],[5.0699626,51.5443898],[5.069943,51.5443688],[5.0700154,51.5443457],[5.069997,51.5443313],[5.0699821,51.5443263],[5.0699691,51.5443236],[5.0697592,51.5443221],[5.0697349,51.5443241],[5.0697154,51.5443342],[5.0696992,51.5443454],[5.0696964,51.5443651],[5.0697727,51.5443694],[5.0697423,51.5446124],[5.069672,51.5446096],[5.0697364,51.5446602],[5.0697266,51.5447801],[5.0697232,51.5448062],[5.0697218,51.5448169],[5.0697167,51.5448561],[5.0696341,51.5448911],[5.069721,51.5448976],[5.0697099,51.5451636],[5.0697093,51.5451778],[5.0700845,51.545168],[5.070086,51.5451914],[5.070151,51.5451898],[5.0701899,51.5451883],[5.0701903,51.5451671],[5.0703632,51.5451627],[5.0703645,51.5451831],[5.0704289,51.5451815],[5.0704276,51.5451612],[5.0705636,51.5451574],[5.0705622,51.5451787],[5.0705854,51.5451754],[5.0705966,51.5451712],[5.0706006,51.5451605],[5.0705852,51.5450531],[5.0705663,51.5449861],[5.0705336,51.5449465],[5.0704756,51.5449655],[5.0702439,51.5450413],[5.0701096,51.5450852],[5.0700629,51.5451005],[5.0698461,51.5448374],[5.0701831,51.5447262],[5.070181,51.5447239],[5.0701225,51.544657],[5.0700955,51.5446667],[5.070083,51.5446509]]]}},{"type":"Feature","properties":{"osmRef":"way/77836216"},"geometry":{"type":"Polygon","coordinates":[[[5.0714882,51.5451323],[5.0715241,51.5451058],[5.0715077,51.5450041],[5.0714785,51.5450011],[5.0714803,51.5450535],[5.0711786,51.5450605],[5.0711764,51.545005],[5.0711053,51.5450084],[5.0711084,51.5450622],[5.0707775,51.5450703],[5.0707748,51.545018],[5.0706881,51.5450268],[5.0706762,51.5450478],[5.0706842,51.5451553],[5.0707884,51.5451496],[5.0711029,51.5451418],[5.0714882,51.5451323]]]}},{"type":"Feature","properties":{"osmRef":"way/77836221"},"geometry":{"type":"Polygon","coordinates":[[[5.0715955,51.5451138],[5.0716037,51.5451203],[5.0716103,51.5451234],[5.072259,51.5451106],[5.0722845,51.5451101],[5.0725049,51.5451063],[5.0725252,51.5451027],[5.0725445,51.5450973],[5.0725551,51.5450898],[5.0725605,51.5450823],[5.0725596,51.5450506],[5.0725217,51.5450513],[5.072521,51.5450138],[5.0724928,51.5449628],[5.0724671,51.5449711],[5.0724462,51.5449479],[5.0724355,51.5449359],[5.0722055,51.5446805],[5.0722627,51.5446597],[5.0722424,51.5446444],[5.0720423,51.5446461],[5.0718435,51.5446512],[5.0718278,51.5446721],[5.0718987,51.544689],[5.0717672,51.5448535],[5.0717055,51.5448378],[5.0716355,51.5449434],[5.0716129,51.5449753],[5.0716054,51.544999],[5.0715999,51.5450281],[5.0715957,51.545051],[5.0715903,51.5451055],[5.0715955,51.5451138]]]}},{"type":"Feature","properties":{"osmRef":"way/77836223"},"geometry":{"type":"Polygon","coordinates":[[[5.0722616,51.5460303],[5.0722532,51.5457457],[5.0722144,51.5452305],[5.071968,51.5452371],[5.0721048,51.5460369],[5.0722616,51.5460303]]]}},{"type":"Feature","properties":{"osmRef":"way/77836228"},"geometry":{"type":"Polygon","coordinates":[[[5.073556,51.545057],[5.0735756,51.5450715],[5.0735975,51.5450795],[5.0736385,51.5450783],[5.0739133,51.54507],[5.0740126,51.545067],[5.0740871,51.5450648],[5.0741363,51.5450632],[5.0744494,51.5450532],[5.0744898,51.5450514],[5.0745076,51.5450455],[5.074509,51.5450336],[5.0745033,51.544968],[5.0744718,51.5448898],[5.0744596,51.5448769],[5.0743974,51.5448958],[5.074183,51.5446554],[5.0742493,51.5446348],[5.0742091,51.5445934],[5.0741834,51.5445817],[5.0740056,51.544579],[5.0738406,51.5445803],[5.0738108,51.5445886],[5.0737715,51.54463],[5.0738373,51.5446505],[5.0737154,51.5448213],[5.0736486,51.5448068],[5.0735805,51.5449035],[5.0735552,51.5449768],[5.073556,51.545057]]]}},{"type":"Feature","properties":{"osmRef":"way/77836231"},"geometry":{"type":"Polygon","coordinates":[[[5.0741897,51.5445226],[5.0743716,51.5444638],[5.0743936,51.5444568],[5.0746447,51.5443692],[5.075252,51.5443564],[5.0757367,51.544392],[5.0758893,51.54444],[5.0758549,51.5444821],[5.0759017,51.544496],[5.0758773,51.5445314],[5.0758322,51.5445185],[5.0757972,51.5445762],[5.0756787,51.5447427],[5.0756167,51.5447272],[5.0755602,51.5448119],[5.0755221,51.5448689],[5.0754914,51.5450068],[5.0754972,51.54502],[5.0755041,51.545028],[5.0755167,51.5450305],[5.0757835,51.5450235],[5.0761127,51.5450147],[5.0762011,51.5450124],[5.0768042,51.5450822],[5.0767134,51.5443601],[5.0766828,51.5441171],[5.0766813,51.5441048],[5.0744077,51.5441521],[5.0730524,51.5441485],[5.0721632,51.5441354],[5.070838,51.5441186],[5.0698239,51.5440962],[5.0694756,51.5441128],[5.0691749,51.5441196],[5.0691175,51.5441591],[5.06908,51.5441963],[5.0690915,51.5442065],[5.0692994,51.5442162],[5.0696184,51.5442312],[5.0696464,51.5442398],[5.0696645,51.5442656],[5.0697004,51.544277],[5.0698888,51.5442765],[5.0699878,51.5442782],[5.0700404,51.5442903],[5.0700949,51.5443227],[5.0701091,51.5443395],[5.0702175,51.5444866],[5.0702242,51.5444943],[5.0703256,51.5446109],[5.0707749,51.544475],[5.0709749,51.5445018],[5.0711495,51.5444927],[5.071368,51.5444398],[5.0716247,51.5445298],[5.0716482,51.5445307],[5.0716628,51.5445361],[5.0718007,51.5445701],[5.0718942,51.5445921],[5.0720493,51.5445915],[5.0721952,51.5445866],[5.0722485,51.5445716],[5.0724253,51.5445108],[5.072455,51.5445005],[5.0725801,51.5444594],[5.0727048,51.5444185],[5.0729477,51.5444524],[5.0730687,51.5444489],[5.0733354,51.5443976],[5.0735789,51.544473],[5.0736519,51.5444923],[5.07372,51.5445127],[5.0737504,51.5445185],[5.0738332,51.5445186],[5.0739339,51.5445156],[5.07406,51.5445153],[5.0741712,51.5445151],[5.0741852,51.5445176],[5.0741897,51.5445226]]]}},{"type":"Feature","properties":{"osmRef":"way/77836234"},"geometry":{"type":"Polygon","coordinates":[[[5.073438,51.5450031],[5.073429,51.5450033],[5.0726883,51.5450233],[5.0726603,51.5450225],[5.072666,51.5451016],[5.0734408,51.5450841],[5.073438,51.5450031]]]}},{"type":"Feature","properties":{"osmRef":"way/77836235"},"geometry":{"type":"Polygon","coordinates":[[[5.0753793,51.5450353],[5.0754034,51.5450285],[5.0754195,51.5450064],[5.0754178,51.5449548],[5.0753587,51.5449561],[5.0750571,51.5449631],[5.0749852,51.5449649],[5.0746478,51.5449733],[5.0745787,51.5449771],[5.0745872,51.5450358],[5.0746033,51.545049],[5.0746285,51.5450543],[5.0753793,51.5450353]]]}},{"type":"Feature","properties":{"osmRef":"way/77836240"},"geometry":{"type":"Polygon","coordinates":[[[5.0757799,51.5451131],[5.0758368,51.5459236],[5.0761342,51.5459109],[5.0761563,51.5451239],[5.0759099,51.5451095],[5.0757799,51.5451131]]]}},{"type":"Feature","properties":{"osmRef":"way/77836247"},"geometry":{"type":"Polygon","coordinates":[[[5.0775119,51.544061],[5.0775115,51.5442097],[5.0775223,51.5444062],[5.0776517,51.5451373],[5.0782435,51.545122],[5.0787452,51.5450988],[5.0806368,51.545009],[5.0809127,51.5449702],[5.0812073,51.5449153],[5.0819493,51.5447569],[5.0820685,51.544728],[5.0823511,51.5446722],[5.0824064,51.5441772],[5.0829109,51.544164],[5.0830965,51.5445256],[5.0833839,51.5444623],[5.083379,51.544426],[5.0833417,51.5443439],[5.0831142,51.5440267],[5.0829927,51.5439501],[5.0827611,51.5437933],[5.0827391,51.5437085],[5.0826669,51.54371],[5.0814274,51.5437946],[5.0798178,51.5438974],[5.0784125,51.5439982],[5.0777612,51.5440487],[5.0775119,51.544061]]]}},{"type":"Feature","properties":{"osmRef":"way/77836316"},"geometry":{"type":"Polygon","coordinates":[[[5.0951349,51.5410176],[5.0953565,51.5410763],[5.095554,51.5408814],[5.0963004,51.5410672],[5.0963506,51.5409837],[5.0963009,51.5409123],[5.0962318,51.5408956],[5.096498,51.5405522],[5.0964981,51.5405333],[5.0964621,51.5405259],[5.095543,51.5404122],[5.0951349,51.5410176]]]}},{"type":"Feature","properties":{"osmRef":"way/77836354"},"geometry":{"type":"Polygon","coordinates":[[[5.0901264,51.5400154],[5.0902302,51.5399974],[5.090246,51.5400581],[5.0901508,51.5400741],[5.090342,51.5405333],[5.0907997,51.5397013],[5.0902213,51.5395263],[5.0899583,51.5395818],[5.0901264,51.5400154]]]}},{"type":"Feature","properties":{"osmRef":"way/77836359"},"geometry":{"type":"Polygon","coordinates":[[[5.0892763,51.539382],[5.0891236,51.5394943],[5.0891944,51.5395424],[5.0899452,51.5394082],[5.0899519,51.5393777],[5.0900701,51.5392508],[5.09016,51.5391442],[5.090333,51.5387339],[5.0905462,51.5382294],[5.0905043,51.5382149],[5.0902131,51.5382097],[5.0899831,51.538215],[5.0899977,51.5379858],[5.0895683,51.5378757],[5.0894642,51.5380204],[5.0890399,51.5379063],[5.0889302,51.5380437],[5.0887964,51.537999],[5.0882908,51.5378353],[5.0883825,51.5379398],[5.088704,51.5381137],[5.0885196,51.5382037],[5.0887781,51.5383495],[5.0885817,51.5384881],[5.0889326,51.5386929],[5.0887177,51.5388416],[5.0891126,51.5390662],[5.088942,51.5391913],[5.0892763,51.539382]]]}},{"type":"Feature","properties":{"osmRef":"way/77836381"},"geometry":{"type":"Polygon","coordinates":[[[5.0824449,51.5446537],[5.0830187,51.5445369],[5.0828719,51.5442281],[5.0828486,51.5442134],[5.0825,51.5442302],[5.0824449,51.5446537]]]}},{"type":"Feature","properties":{"name":"Korvelplein","osmRef":"way/77836677"},"geometry":{"type":"Polygon","coordinates":[[[5.0680625,51.5486447],[5.0680052,51.5486981],[5.0681573,51.5487782],[5.0682497,51.5488395],[5.0684176,51.5489682],[5.0685275,51.5490606],[5.0685949,51.5491216],[5.0687407,51.5492711],[5.0688001,51.5493417],[5.0688124,51.5493131],[5.0688232,51.5492775],[5.0688373,51.5492131],[5.0688442,51.5491782],[5.0688607,51.54916],[5.068902,51.5491123],[5.0689163,51.5490763],[5.0689364,51.5489631],[5.0689491,51.5489021],[5.0689666,51.548812],[5.0689633,51.5487724],[5.0689387,51.5487749],[5.0689161,51.5487274],[5.0688326,51.548667],[5.0688048,51.548655],[5.0688138,51.5486406],[5.0687789,51.5486321],[5.068685,51.5486166],[5.0686289,51.5486107],[5.0685435,51.5486078],[5.0683771,51.5486129],[5.0681337,51.5486139],[5.0681315,51.5486438],[5.0680625,51.5486447]]]}},{"type":"Feature","properties":{"osmRef":"way/77836919"},"geometry":{"type":"Polygon","coordinates":[[[5.0956655,51.5639784],[5.0955901,51.5639926],[5.0952928,51.5639955],[5.0952705,51.5640055],[5.0952593,51.5640297],[5.0955023,51.5642457],[5.0962453,51.5639213],[5.0960847,51.563791],[5.0956655,51.5639784]]]}},{"type":"Feature","properties":{"name":"Rosmolenplein","osmRef":"way/77836924"},"geometry":{"type":"Polygon","coordinates":[[[5.0952394,51.5670125],[5.0952344,51.5670066],[5.0952262,51.5670025],[5.0952162,51.5670006],[5.0952054,51.567001],[5.0951955,51.5670035],[5.0951895,51.5670071],[5.0948148,51.5672818],[5.0948047,51.5672919],[5.0948015,51.5673017],[5.0948035,51.5673123],[5.0948107,51.5673211],[5.0948199,51.5673294],[5.0948355,51.567336],[5.0957537,51.5677262],[5.0956626,51.5676338],[5.0956561,51.5676292],[5.0956479,51.567627],[5.0956381,51.5676268],[5.0956295,51.5676298],[5.0955965,51.5676432],[5.095458,51.5675148],[5.0954329,51.5674891],[5.0953236,51.5673594],[5.0953025,51.5673334],[5.0951405,51.5671041],[5.0952455,51.5670744],[5.0952547,51.5670704],[5.095262,51.567064],[5.095264,51.5670561],[5.0952631,51.5670487],[5.0952573,51.5670415],[5.0952394,51.5670125]]]}},{"type":"Feature","properties":{"osmRef":"way/77837201"},"geometry":{"type":"Polygon","coordinates":[[[5.0750479,51.5742394],[5.0748644,51.574185],[5.0743093,51.5740141],[5.0741475,51.573973],[5.0740207,51.5739617],[5.0739675,51.5739657],[5.0739971,51.5741907],[5.0740294,51.5746813],[5.0741016,51.5755067],[5.0742288,51.5755251],[5.0745887,51.5756003],[5.0747798,51.5750401],[5.0750479,51.5742394]]]}},{"type":"Feature","properties":{"osmRef":"way/77837260"},"geometry":{"type":"Polygon","coordinates":[[[5.0636907,51.5767077],[5.0639302,51.5765636],[5.0639771,51.5765431],[5.0644926,51.5762366],[5.0645088,51.5762247],[5.064516,51.5762101],[5.064511,51.5761847],[5.0644893,51.5761661],[5.0644527,51.5761545],[5.0640418,51.5761647],[5.0636661,51.5761749],[5.0632737,51.5761863],[5.0633536,51.5766437],[5.0633843,51.5767554],[5.0634281,51.5767639],[5.0636907,51.5767077]]]}},{"type":"Feature","properties":{"name":"Sint Pieterspark","osmRef":"way/77838357"},"geometry":{"type":"Polygon","coordinates":[[[5.0870461,51.5715871],[5.0869965,51.5716646],[5.086794,51.5721522],[5.0861852,51.5736434],[5.086279,51.5737342],[5.0863166,51.5737342],[5.0863394,51.5737134],[5.0864668,51.5734533],[5.0866483,51.5732359],[5.0866866,51.5731736],[5.0868135,51.572986],[5.087312,51.5722487],[5.0872728,51.5722005],[5.0871762,51.5721739],[5.0871655,51.5721389],[5.0883139,51.5705583],[5.088122,51.570476],[5.0875396,51.5710402],[5.0870461,51.5715871]]]}},{"type":"Feature","properties":{"osmRef":"way/77841382"},"geometry":{"type":"Polygon","coordinates":[[[5.1369106,51.5795806],[5.1368737,51.5796017],[5.1373109,51.5798715],[5.1374175,51.579795],[5.137495,51.5795782],[5.1369106,51.5795806]]]}},{"type":"Feature","properties":{"osmRef":"way/77841384"},"geometry":{"type":"Polygon","coordinates":[[[5.1386073,51.5789684],[5.1386184,51.5789656],[5.138728,51.57896],[5.139267,51.5789167],[5.1393272,51.578914],[5.1392817,51.5788662],[5.1388303,51.5785562],[5.1387019,51.5784888],[5.1386638,51.5785022],[5.1385898,51.5789538],[5.1386073,51.5789684]]]}},{"type":"Feature","properties":{"osmRef":"way/77841386"},"geometry":{"type":"Polygon","coordinates":[[[5.1389148,51.5808294],[5.1393546,51.5810759],[5.1393912,51.581099],[5.1394629,51.5810991],[5.1397016,51.5809376],[5.1396809,51.5809212],[5.1396562,51.5809091],[5.1389814,51.5808093],[5.138937,51.5808123],[5.1389148,51.5808294]]]}},{"type":"Feature","properties":{"osmRef":"way/77842311"},"geometry":{"type":"Polygon","coordinates":[[[5.1492502,51.5845818],[5.14927,51.5845951],[5.1493411,51.5846143],[5.1494075,51.584646],[5.1497038,51.5848187],[5.1500281,51.5846124],[5.1496033,51.5843556],[5.1493283,51.5845299],[5.1492502,51.5845818]]]}},{"type":"Feature","properties":{"osmRef":"way/77842327"},"geometry":{"type":"Polygon","coordinates":[[[5.1499854,51.5814527],[5.1502846,51.5812581],[5.1507007,51.5810126],[5.1508769,51.5808612],[5.1505611,51.5806701],[5.1504586,51.5806638],[5.1504244,51.5806516],[5.1503905,51.580624],[5.1503907,51.5805906],[5.1503712,51.5805571],[5.1502982,51.5805174],[5.1502203,51.5804931],[5.150157,51.580496],[5.1501176,51.5805232],[5.1501222,51.5805841],[5.1501024,51.5806234],[5.1500732,51.5806447],[5.1500191,51.5806904],[5.1499553,51.5807813],[5.1498813,51.5809241],[5.1498124,51.5810397],[5.1497436,51.5811308],[5.1497287,51.5811825],[5.149743,51.5812373],[5.1497867,51.581286],[5.1499854,51.5814527]]]}},{"type":"Feature","properties":{"osmRef":"way/77843778"},"geometry":{"type":"Polygon","coordinates":[[[5.1450261,51.5832045],[5.1449986,51.5832279],[5.1457509,51.5835404],[5.1459229,51.5834289],[5.1458334,51.5833183],[5.1458197,51.5832208],[5.1466208,51.5832514],[5.1469054,51.5835348],[5.1469768,51.5835299],[5.1470021,51.583535],[5.147508,51.5838605],[5.1475561,51.5838083],[5.1472184,51.5835858],[5.1470371,51.5834666],[5.1469174,51.5833866],[5.1467018,51.5832322],[5.1463816,51.582986],[5.146287,51.5829177],[5.146114,51.5828031],[5.1460443,51.5827637],[5.1459545,51.582721],[5.1459075,51.5826974],[5.1458525,51.5826631],[5.1458042,51.5826229],[5.1457679,51.5826232],[5.1455883,51.5827839],[5.1456249,51.5828006],[5.1456017,51.5828222],[5.1455642,51.5828066],[5.1455062,51.5828564],[5.1454177,51.5829127],[5.1454368,51.5829247],[5.1453959,51.5829504],[5.1453788,51.5829385],[5.1453225,51.5829749],[5.1452175,51.5830485],[5.1450261,51.5832045]]]}},{"type":"Feature","properties":{"name":"Vreugd en Rust","osmRef":"way/79329427"},"geometry":{"type":"Polygon","coordinates":[[[4.3656738,52.0703051],[4.3658144,52.0705994],[4.365862,52.0707014],[4.3658692,52.0707144],[4.3658745,52.0707247],[4.3658987,52.0707771],[4.365902,52.0707843],[4.3659071,52.0707936],[4.3660115,52.0709516],[4.3661088,52.071066],[4.3662521,52.0712019],[4.3663512,52.0712764],[4.3664542,52.0713508],[4.3666017,52.0714472],[4.3667938,52.0715481],[4.3672347,52.0717605],[4.3674886,52.0718842],[4.3676493,52.0719637],[4.3676646,52.0719707],[4.3695066,52.0702887],[4.3699718,52.0704861],[4.3702,52.0702719],[4.3703949,52.0703518],[4.370979,52.0699293],[4.3713427,52.0696475],[4.3683022,52.067867],[4.3672591,52.0686717],[4.3667879,52.0691367],[4.3670098,52.0692667],[4.3668552,52.069386],[4.3665167,52.0696473],[4.3664997,52.069661],[4.3661084,52.0699675],[4.3660876,52.0699831],[4.3656738,52.0703051]]]}},{"type":"Feature","properties":{"name":"Stadstuin Rusthout","osmRef":"way/95444458"},"geometry":{"type":"Polygon","coordinates":[[[4.3859433,52.087148],[4.3864664,52.0873333],[4.3864869,52.0873523],[4.3866314,52.0873122],[4.3869245,52.0872902],[4.3870179,52.0872937],[4.3869698,52.0873564],[4.3871422,52.0873563],[4.3873788,52.0873633],[4.3874805,52.0872858],[4.3875949,52.08721],[4.3873499,52.0870056],[4.3871487,52.0868804],[4.3871108,52.0868742],[4.3869669,52.0868799],[4.3868165,52.0868996],[4.3866361,52.0869358],[4.3865094,52.086948],[4.3864306,52.0869488],[4.3863519,52.0869373],[4.386241,52.0869115],[4.3860789,52.0869924],[4.3859147,52.0871109],[4.3859433,52.087148]]]}},{"type":"Feature","properties":{"osmRef":"way/95690533"},"geometry":{"type":"Polygon","coordinates":[[[4.3535353,52.0817363],[4.3536918,52.0816071],[4.3523747,52.0810164],[4.352219,52.0811483],[4.3535353,52.0817363]]]}},{"type":"Feature","properties":{"name":"Buitengoed Dorrepaal","osmRef":"way/95707921"},"geometry":{"type":"Polygon","coordinates":[[[4.3580698,52.0601673],[4.3580482,52.0601554],[4.3580247,52.0601426],[4.357657,52.0599409],[4.3575688,52.0598733],[4.3574403,52.059778],[4.3572235,52.0597122],[4.3571564,52.0596858],[4.3570357,52.0596347],[4.3568908,52.059497],[4.3568077,52.0594408],[4.3567098,52.0594443],[4.3567122,52.0594665],[4.3566849,52.0594727],[4.3566596,52.0594716],[4.3566347,52.0594607],[4.3565122,52.0595191],[4.3563794,52.0595949],[4.356216,52.0597301],[4.3561273,52.059773],[4.3560373,52.0598046],[4.3557961,52.0598495],[4.3553633,52.0599987],[4.3548893,52.0600301],[4.3548022,52.0600524],[4.3543996,52.0602985],[4.3541111,52.0604774],[4.354111,52.0605128],[4.3546104,52.0607332],[4.3546415,52.0607457],[4.3546921,52.0607814],[4.3554606,52.061098],[4.3561963,52.0614253],[4.3580698,52.0601673]]]}},{"type":"Feature","properties":{"name":"Steneveltpark","osmRef":"way/97245344"},"geometry":{"type":"Polygon","coordinates":[[[4.5126791,52.1639042],[4.512723,52.1643105],[4.5133562,52.1642844],[4.5133809,52.1645831],[4.5151069,52.1645042],[4.5150442,52.1643964],[4.5140384,52.1644444],[4.5140035,52.1642094],[4.5137494,52.1642269],[4.5137132,52.1639201],[4.5137341,52.1637645],[4.5148071,52.1636775],[4.5148897,52.1636206],[4.514876,52.1634815],[4.51482,52.1634829],[4.5143901,52.1635108],[4.5137087,52.1635313],[4.5136977,52.1636433],[4.513629,52.1636523],[4.5132863,52.1636727],[4.5133052,52.1638723],[4.5126791,52.1639042]]]}},{"type":"Feature","properties":{"name":"Rembrandtpark","osmRef":"way/97277608"},"geometry":{"type":"Polygon","coordinates":[[[4.4810378,52.1600877],[4.4810256,52.1606386],[4.4810777,52.1606888],[4.4814959,52.1607663],[4.4821562,52.1608624],[4.4821826,52.1607494],[4.4821873,52.1607292],[4.4822269,52.1605596],[4.4818049,52.1605039],[4.4818111,52.1604901],[4.4819202,52.1601812],[4.4819992,52.1598548],[4.4820076,52.1598101],[4.4819879,52.1598087],[4.4818648,52.1597213],[4.481902,52.1595228],[4.4819148,52.1593354],[4.4819553,52.15921],[4.4818701,52.1592008],[4.4818035,52.1591867],[4.4817855,52.1592175],[4.4816562,52.1593609],[4.4815456,52.1594845],[4.4812597,52.1596832],[4.4812198,52.159715],[4.4811013,52.1597925],[4.4810413,52.1599236],[4.4810082,52.1599212],[4.4809626,52.160081],[4.4810378,52.1600877]]]}},{"type":"Feature","properties":{"name":"Rosarium","osmRef":"way/97277724"},"geometry":{"type":"Polygon","coordinates":[[[4.4690463,52.1819419],[4.4690173,52.1822531],[4.4692463,52.1822611],[4.4692754,52.1819499],[4.4690463,52.1819419]]]}},{"type":"Feature","properties":{"name":"Schilperoortpark","osmRef":"way/97277946"},"geometry":{"type":"Polygon","coordinates":[[[4.4717974,52.1689218],[4.4716988,52.1690387],[4.4717061,52.1691223],[4.47172,52.1692081],[4.4724785,52.1692029],[4.4727675,52.1685845],[4.4728817,52.1686093],[4.4729605,52.168497],[4.4732903,52.1682187],[4.4734256,52.1681476],[4.4735692,52.168117],[4.4736913,52.1681192],[4.4743065,52.1674967],[4.474202,52.1674451],[4.4737685,52.1673372],[4.4734658,52.1672408],[4.4733277,52.1671881],[4.4728951,52.1675724],[4.4729381,52.1675921],[4.4718064,52.1685543],[4.4717489,52.1686371],[4.4717974,52.1689218]]]}},{"type":"Feature","properties":{"osmRef":"way/97278728"},"geometry":{"type":"Polygon","coordinates":[[[4.5028723,52.1573108],[4.5028732,52.1573143],[4.5028812,52.1573363],[4.5028867,52.1573548],[4.5030084,52.1576761],[4.5030295,52.157715],[4.5033858,52.1576762],[4.5037989,52.1576143],[4.5039266,52.1574679],[4.5040439,52.1573567],[4.5041142,52.1572269],[4.5041014,52.1571555],[4.5040995,52.157153],[4.5040409,52.1570751],[4.5038828,52.1569486],[4.5030634,52.1561554],[4.5029552,52.1561256],[4.5028396,52.1561152],[4.5026888,52.1561049],[4.5025786,52.1561038],[4.5025447,52.1561142],[4.502527,52.1561283],[4.5025241,52.1561495],[4.5026158,52.1564386],[4.5027715,52.156963],[4.5028723,52.1573108]]]}},{"type":"Feature","properties":{"osmRef":"way/97454651"},"geometry":{"type":"Polygon","coordinates":[[[4.4889175,52.2206267],[4.4888967,52.220646],[4.488883,52.2206862],[4.4888965,52.2207265],[4.4889361,52.220756],[4.4892096,52.2208832],[4.4896832,52.2210756],[4.4897222,52.2210394],[4.4897294,52.2210146],[4.4892479,52.2207714],[4.4889175,52.2206267]]]}},{"type":"Feature","properties":{"name":"Park Landskroon","osmRef":"way/118651453"},"geometry":{"type":"Polygon","coordinates":[[[4.4506661,52.1726518],[4.4506794,52.1727323],[4.4507934,52.1734195],[4.4534208,52.1739847],[4.4539314,52.1733204],[4.4540214,52.1732032],[4.4543257,52.1728457],[4.454376,52.1727682],[4.4544027,52.1727282],[4.4544185,52.1726894],[4.4542036,52.1720749],[4.4541987,52.1719948],[4.4542589,52.1717599],[4.4542636,52.1717059],[4.4542678,52.1716571],[4.4542417,52.1715722],[4.4542143,52.1715137],[4.4540818,52.171564],[4.4540206,52.1716043],[4.4539594,52.1716495],[4.4539129,52.1717087],[4.4538382,52.1716799],[4.4538119,52.1717319],[4.4537555,52.1717996],[4.453652,52.1718647],[4.453543,52.1719042],[4.4508128,52.1726085],[4.4506661,52.1726518]]]}},{"type":"Feature","properties":{"name":"Merodeplein","osmRef":"way/138166104"},"geometry":{"type":"Polygon","coordinates":[[[5.0910739,51.5486035],[5.0912885,51.5486936],[5.0918059,51.5488322],[5.0923453,51.5489037],[5.0924419,51.5486235],[5.0919722,51.5485486],[5.0915675,51.5484467],[5.0913368,51.5483566],[5.0910739,51.5486035]]]}},{"type":"Feature","properties":{"osmRef":"way/138166896"},"geometry":{"type":"Polygon","coordinates":[[[5.0899577,51.5501305],[5.0896523,51.550425],[5.0899437,51.5505125],[5.0900546,51.5503549],[5.090355,51.550445],[5.0902499,51.5506034],[5.090372,51.5506353],[5.0904311,51.5505273],[5.0903879,51.5504405],[5.0899652,51.5503072],[5.0900226,51.5502432],[5.0900874,51.5501736],[5.0899577,51.5501305]]]}},{"type":"Feature","properties":{"name":"Zomerpark","osmRef":"way/158597272"},"geometry":{"type":"Polygon","coordinates":[[[5.0800199,51.5541702],[5.0804792,51.5542925],[5.0807589,51.5545857],[5.0809072,51.5545606],[5.0807067,51.554165],[5.081394,51.5534978],[5.0811156,51.5533899],[5.0807953,51.553618],[5.0800199,51.5541702]]]}},{"type":"Feature","properties":{"name":"Het Leijpark","osmRef":"way/158627700"},"geometry":{"type":"Polygon","coordinates":[[[5.1008183,51.5463661],[5.1004897,51.546576],[5.1002351,51.5467838],[5.1004297,51.546999],[5.1034885,51.5484152],[5.1083209,51.5506755],[5.1089142,51.5499567],[5.1079996,51.5495814],[5.1086,51.5489],[5.1086,51.5485],[5.1082319,51.5481281],[5.10883,51.5475347],[5.1088,51.5475],[5.1090705,51.5473419],[5.1091314,51.5473063],[5.1091524,51.547294],[5.1087522,51.5465711],[5.1080071,51.5458251],[5.1078728,51.5457607],[5.1077831,51.5457177],[5.1076002,51.5455459],[5.1074639,51.5453905],[5.1070857,51.5450508],[5.1068502,51.544804],[5.105915,51.5439526],[5.1057307,51.543683],[5.1058331,51.5435277],[5.1055877,51.54329],[5.1047158,51.5426658],[5.1039729,51.5430025],[5.1029769,51.5429747],[5.1015885,51.5420106],[5.1015918,51.5413159],[5.1015419,51.5412205],[5.1014096,51.5411829],[5.1013522,51.5412457],[5.1013426,51.5417483],[5.1013871,51.5425369],[5.101368,51.5433142],[5.1013399,51.5439108],[5.1013498,51.5440542],[5.1013753,51.5442353],[5.1014537,51.5445471],[5.1015259,51.5448918],[5.1015335,51.5454012],[5.1015229,51.545635],[5.1018309,51.5456605],[5.1023522,51.5456976],[5.1022763,51.5459903],[5.1033349,51.5461357],[5.1031373,51.5466455],[5.1024222,51.5465696],[5.1021306,51.5464934],[5.1020632,51.5465283],[5.1019846,51.5465532],[5.1019109,51.5465687],[5.1016978,51.546574],[5.1015811,51.5465331],[5.10154,51.5465187],[5.1015065,51.5465009],[5.1014316,51.5464612],[5.1014206,51.5464554],[5.1013712,51.5464036],[5.1013357,51.5463294],[5.1013392,51.5462536],[5.1013871,51.5461602],[5.1013947,51.5461475],[5.1014375,51.5460754],[5.1013969,51.5460823],[5.1010384,51.5462033],[5.1008183,51.5463661]]]}},{"type":"Feature","properties":{"name":"Wandelgebied Moerenburg","osmRef":"way/160242251"},"geometry":{"type":"Polygon","coordinates":[[[5.1228681,51.5544999],[5.1222458,51.5544614],[5.1215845,51.5543944],[5.1149358,51.5529032],[5.1148251,51.5531084],[5.1139743,51.5544931],[5.1157217,51.5555116],[5.1149209,51.5559568],[5.1143473,51.5558226],[5.1132688,51.5564538],[5.1135224,51.5565099],[5.1144143,51.5567025],[5.1144492,51.5566533],[5.1150393,51.5567859],[5.1150151,51.5568305],[5.115042,51.5568622],[5.1169675,51.5572841],[5.1176799,51.5576872],[5.11849,51.5566586],[5.1181094,51.5558926],[5.1200674,51.555706],[5.1203032,51.556431],[5.1216679,51.556302],[5.120387,51.5584145],[5.1195425,51.558151],[5.1193039,51.5584164],[5.1178624,51.5581376],[5.1177185,51.5581378],[5.1175358,51.5581629],[5.117325,51.5582264],[5.1170257,51.5585433],[5.1173055,51.558641],[5.1175179,51.5587189],[5.1173436,51.5590301],[5.1197254,51.5596971],[5.1203498,51.5598178],[5.1208197,51.5598938],[5.1210182,51.5599072],[5.1218711,51.5598371],[5.1220428,51.5598371],[5.1222842,51.5598938],[5.1226598,51.5595937],[5.1229066,51.5593236],[5.1232017,51.5589317],[5.1234215,51.5585662],[5.1236887,51.5580724],[5.1238224,51.5578032],[5.1239365,51.5575759],[5.124024,51.5574403],[5.1244188,51.5566768],[5.1244944,51.5565987],[5.1265919,51.5555916],[5.1264202,51.5553448],[5.1263156,51.5551684],[5.126273,51.5550032],[5.1261861,51.5545524],[5.1259418,51.5545381],[5.1255524,51.5544974],[5.1251991,51.5544903],[5.1248872,51.5545026],[5.1244916,51.5545282],[5.1241093,51.5545443],[5.1235007,51.554537],[5.1228681,51.5544999]]]}},{"type":"Feature","properties":{"osmRef":"way/160980661"},"geometry":{"type":"Polygon","coordinates":[[[5.0813297,51.5576629],[5.0815068,51.5577112],[5.0817201,51.5576619],[5.0816248,51.5574711],[5.0815819,51.5574561],[5.0815256,51.5574611],[5.0814907,51.5574811],[5.0813297,51.5576629]]]}},{"type":"Feature","properties":{"name":"Helga Deentuin","osmRef":"way/160980663"},"geometry":{"type":"Polygon","coordinates":[[[5.086739,51.5588743],[5.0869889,51.558861],[5.0869667,51.5586988],[5.0867172,51.5587104],[5.086739,51.5588743]]]}},{"type":"Feature","properties":{"name":"Wilhelminapark","osmRef":"way/161765578"},"geometry":{"type":"Polygon","coordinates":[[[5.0777867,51.5670692],[5.0780028,51.5670563],[5.0785539,51.5670061],[5.0790642,51.5669632],[5.0792336,51.5669517],[5.0794892,51.5669352],[5.0797176,51.5669288],[5.080219,51.5669348],[5.0804306,51.566937],[5.0805255,51.5669192],[5.0805743,51.5668822],[5.0805965,51.5668365],[5.0805897,51.5668017],[5.0805635,51.5667714],[5.0804429,51.5666959],[5.0803802,51.5666608],[5.0797827,51.5663278],[5.0797391,51.5663039],[5.0786831,51.5657133],[5.0785616,51.565645],[5.0780357,51.5653535],[5.077985,51.5653309],[5.0779626,51.5653267],[5.0779356,51.5653275],[5.0779151,51.5653318],[5.0778967,51.5653382],[5.0778526,51.5653829],[5.0778416,51.5654431],[5.0778111,51.5656374],[5.077786,51.5657525],[5.0777589,51.5658278],[5.0777288,51.5658872],[5.077659,51.566035],[5.0775641,51.5662229],[5.0774632,51.5664082],[5.077407,51.5664844],[5.0773349,51.5665569],[5.0772886,51.5666321],[5.0772489,51.5667393],[5.0772653,51.5668124],[5.0773468,51.5669821],[5.0773716,51.5670226],[5.0774041,51.567053],[5.0774389,51.5670691],[5.0774746,51.5670774],[5.0777867,51.5670692]]]}},{"type":"Feature","properties":{"name":"Leeuwenhoekpark","osmRef":"way/172994520"},"geometry":{"type":"Polygon","coordinates":[[[4.4745865,52.1652393],[4.4744978,52.1655144],[4.4740886,52.1654751],[4.4740749,52.1654935],[4.4739634,52.1653924],[4.4739421,52.1654621],[4.4739044,52.1655488],[4.4736843,52.1662593],[4.4736719,52.1663023],[4.4736177,52.1664766],[4.473605,52.1665181],[4.4735839,52.1665857],[4.4735934,52.1666069],[4.4736353,52.1666473],[4.4736899,52.1667003],[4.4737331,52.1667399],[4.4737321,52.166762],[4.4737546,52.1667784],[4.473815,52.1668035],[4.4738425,52.1668005],[4.4739756,52.1666689],[4.4741439,52.1667394],[4.4744925,52.1668803],[4.4745295,52.166893],[4.4748386,52.166652],[4.4752949,52.1661467],[4.475353,52.16614],[4.4753661,52.1661215],[4.4754497,52.1660035],[4.4753098,52.1658141],[4.475334,52.1657641],[4.4752217,52.1657466],[4.4753513,52.165374],[4.4753651,52.1653348],[4.4751204,52.1653037],[4.4750723,52.165452],[4.4748337,52.1654249],[4.4748807,52.1652758],[4.4745865,52.1652393]]]}},{"type":"Feature","properties":{"osmRef":"way/220614168"},"geometry":{"type":"Polygon","coordinates":[[[5.0739784,51.5521797],[5.0738758,51.5521026],[5.0738713,51.5520643],[5.0733248,51.5520272],[5.0732962,51.5521454],[5.0741991,51.5528477],[5.0741595,51.5529216],[5.0745821,51.553046],[5.0746979,51.553036],[5.0751659,51.553163],[5.0752632,51.5531894],[5.0753828,51.552694],[5.0758555,51.552768],[5.0759931,51.5528113],[5.0760125,51.5528511],[5.0764989,51.5529343],[5.0766376,51.5525913],[5.0760097,51.5524507],[5.0760687,51.5522799],[5.074988,51.5521577],[5.0744945,51.5521258],[5.0743548,51.5521762],[5.0740841,51.5521832],[5.0739784,51.5521797]]]}},{"type":"Feature","properties":{"osmRef":"way/239622332"},"geometry":{"type":"Polygon","coordinates":[[[4.5003202,52.1867908],[4.5003642,52.1867618],[4.5003131,52.1867327],[4.5002692,52.1867617],[4.5003202,52.1867908]]]}},{"type":"Feature","properties":{"osmRef":"way/239622333"},"geometry":{"type":"Polygon","coordinates":[[[4.5004141,52.1868438],[4.5004585,52.186816],[4.5004017,52.186782],[4.5003573,52.1868098],[4.5004141,52.1868438]]]}},{"type":"Feature","properties":{"osmRef":"way/239622552"},"geometry":{"type":"Polygon","coordinates":[[[4.5001914,52.1867512],[4.5001629,52.1867354],[4.5002031,52.1867082],[4.5002316,52.1867239],[4.5001914,52.1867512]]]}},{"type":"Feature","properties":{"osmRef":"way/239622619"},"geometry":{"type":"Polygon","coordinates":[[[4.5002553,52.186708],[4.5002241,52.1866916],[4.5002625,52.1866642],[4.5002937,52.1866806],[4.5002553,52.186708]]]}},{"type":"Feature","properties":{"osmRef":"way/242632583"},"geometry":{"type":"Polygon","coordinates":[[[4.4971761,52.1247207],[4.4969587,52.1243527],[4.4972114,52.1242895],[4.497364,52.1242969],[4.4975884,52.1243],[4.4976068,52.1246508],[4.4974744,52.1246533],[4.4972586,52.1247108],[4.4971761,52.1247207]]]}},{"type":"Feature","properties":{"name":"Tuin van Noord","osmRef":"way/246363757"},"geometry":{"type":"Polygon","coordinates":[[[4.4989334,52.1700667],[4.4990102,52.1701546],[4.4990566,52.1702192],[4.4991138,52.1702357],[4.4992734,52.1703638],[4.4994398,52.1704495],[4.4995678,52.1704989],[4.4997179,52.1705347],[4.4999707,52.1705556],[4.5000383,52.170522],[4.5016497,52.1704809],[4.5020817,52.1704599],[4.502036,52.1693477],[4.5024084,52.1688799],[4.5005154,52.1689782],[4.4985998,52.169108],[4.4985446,52.1689964],[4.4986466,52.1686934],[4.4985929,52.1686852],[4.4985363,52.1683024],[4.4983929,52.1683257],[4.4978099,52.1684859],[4.4974803,52.1685303],[4.4973819,52.1685536],[4.4973868,52.1686965],[4.4971303,52.1690437],[4.4970882,52.169115],[4.4971798,52.169543],[4.4972368,52.1696896],[4.4973567,52.1699982],[4.4974041,52.1701358],[4.4972543,52.1702863],[4.4976039,52.170115],[4.4981052,52.1698623],[4.4983784,52.1697255],[4.498562,52.1698565],[4.4987396,52.1699867],[4.4987938,52.1699602],[4.4988177,52.1699502],[4.4988862,52.1700096],[4.4989334,52.1700667]]]}},{"type":"Feature","properties":{"name":"Boterhuispolder","osmRef":"way/255402286"},"geometry":{"type":"Polygon","coordinates":[[[4.5260407,52.1727182],[4.5258043,52.1726672],[4.525063,52.1724694],[4.5249969,52.1724508],[4.5246528,52.1723541],[4.5242532,52.1721904],[4.5237356,52.1719472],[4.5233667,52.1717568],[4.5230604,52.1715865],[4.5230024,52.1715969],[4.5229188,52.1716198],[4.5226004,52.171683],[4.5226455,52.1718737],[4.5226728,52.1719825],[4.5228193,52.1723904],[4.5230117,52.1728381],[4.520949,52.1731105],[4.5210291,52.1740661],[4.52108,52.174061],[4.5265754,52.1741068],[4.526555,52.1741379],[4.5265554,52.1741652],[4.5265921,52.1741878],[4.5266394,52.1742015],[4.5272798,52.1741968],[4.5300523,52.1742214],[4.530295,52.1744095],[4.5304235,52.1744158],[4.5311221,52.1749767],[4.5320441,52.1758111],[4.53212,52.1757853],[4.5322184,52.1757559],[4.5322597,52.1757373],[4.5323751,52.1756997],[4.5322516,52.1756332],[4.5317748,52.1752581],[4.5310197,52.174614],[4.5310122,52.1745932],[4.5319743,52.1743942],[4.5324723,52.1743201],[4.5325873,52.1741487],[4.5325327,52.1741391],[4.5325078,52.1741626],[4.5324537,52.1741787],[4.5323708,52.1741653],[4.5322551,52.1741466],[4.532154,52.1741709],[4.5320756,52.1742005],[4.5320275,52.1742071],[4.5318979,52.174185],[4.5317732,52.1741574],[4.5316587,52.1740885],[4.5316025,52.1740067],[4.5304987,52.173771],[4.53042,52.1737544],[4.5301463,52.173675],[4.530129,52.1736563],[4.5298154,52.1735682],[4.5292835,52.173416],[4.5285411,52.1732563],[4.5272944,52.1729848],[4.5271289,52.1729856],[4.5269396,52.1729449],[4.5267469,52.1728691],[4.5260407,52.1727182]]]}},{"type":"Feature","properties":{"osmRef":"way/361214017"},"geometry":{"type":"Polygon","coordinates":[[[4.3916972,52.0749069],[4.3918352,52.0749785],[4.3918062,52.0750136],[4.391926,52.0750699],[4.3920074,52.0749972],[4.392055,52.0750363],[4.3920614,52.0750416],[4.3921623,52.0751247],[4.3922924,52.0751694],[4.3924793,52.0752652],[4.3923814,52.0753282],[4.3919674,52.0756134],[4.3912859,52.0761352],[4.3909415,52.0763352],[4.3905121,52.0765708],[4.3904758,52.0765907],[4.3902862,52.0766948],[4.3895306,52.0771252],[4.3893972,52.0772062],[4.3889398,52.0770671],[4.3886673,52.0770066],[4.3889221,52.0767978],[4.3894107,52.0763774],[4.3898448,52.0760278],[4.3908904,52.0754847],[4.3911492,52.0753448],[4.3916972,52.0749069]]]}},{"type":"Feature","properties":{"name":"Eemwijk","osmRef":"way/361214020"},"geometry":{"type":"Polygon","coordinates":[[[4.3781044,52.0753573],[4.3787246,52.0757097],[4.3788607,52.0757888],[4.378948,52.075837],[4.3791698,52.0759709],[4.3793011,52.0760572],[4.3793737,52.076104],[4.3795183,52.0762074],[4.3797508,52.0763937],[4.3797568,52.0763985],[4.3797782,52.0764205],[4.3800924,52.0761701],[4.379822,52.0760094],[4.3799262,52.0759464],[4.3797884,52.075863],[4.3797907,52.0758607],[4.3797086,52.0758159],[4.3800679,52.0755329],[4.3802686,52.0756336],[4.3805153,52.0754404],[4.3803754,52.0753728],[4.3806844,52.075053],[4.3806001,52.0750285],[4.3800062,52.0748266],[4.3799418,52.0748078],[4.3799229,52.0747982],[4.3798755,52.0747731],[4.3798089,52.0747327],[4.3794791,52.0745437],[4.3794191,52.0745035],[4.3792647,52.0745976],[4.3791942,52.0745607],[4.3781044,52.0753573]]]}},{"type":"Feature","properties":{"name":"Park Sijtwende","osmRef":"way/361214021"},"geometry":{"type":"Polygon","coordinates":[[[4.3789713,52.0807146],[4.3790116,52.0806882],[4.3801316,52.0799539],[4.3802017,52.0799437],[4.3802804,52.0799044],[4.3802885,52.0799025],[4.3803778,52.0798808],[4.380527,52.0797655],[4.380576,52.0797352],[4.3806833,52.0796655],[4.3806875,52.079647],[4.3818182,52.0789388],[4.382025,52.0787604],[4.3820788,52.0787481],[4.3832781,52.0792763],[4.3834758,52.0793895],[4.3835687,52.0794363],[4.3836441,52.0795052],[4.3836644,52.0795098],[4.3837141,52.0795237],[4.3837514,52.0795335],[4.3837662,52.0795375],[4.3841791,52.0796465],[4.3829159,52.0808582],[4.3828283,52.0811205],[4.3824654,52.0809212],[4.3822485,52.0810721],[4.382187,52.0811136],[4.381916,52.0812965],[4.3817274,52.0814268],[4.38146,52.0816095],[4.3813992,52.081651],[4.3811776,52.0818024],[4.3818232,52.0821633],[4.3817871,52.0821763],[4.3817409,52.0821819],[4.3812615,52.0819991],[4.3807927,52.0817767],[4.3807636,52.0817629],[4.3804811,52.0815951],[4.3802821,52.0814619],[4.3801527,52.0813893],[4.3801128,52.0813613],[4.3800775,52.0813269],[4.3800192,52.0812919],[4.3799871,52.0812798],[4.3799178,52.0812387],[4.3798924,52.0812189],[4.3798877,52.0812042],[4.3798726,52.0811856],[4.3798451,52.0811738],[4.3798064,52.0811702],[4.37977,52.0811805],[4.379735,52.0811727],[4.3794426,52.0810112],[4.3792647,52.0809051],[4.3792414,52.08089],[4.3789713,52.0807146]]]}},{"type":"Feature","properties":{"name":"Von Weberpark","osmRef":"way/372788680"},"geometry":{"type":"Polygon","coordinates":[[[5.0833194,51.5830732],[5.0865304,51.5824498],[5.0862818,51.5818775],[5.0861603,51.5814166],[5.0837766,51.5815475],[5.0826559,51.5816659],[5.0825563,51.5817319],[5.0827062,51.5822367],[5.0833194,51.5830732]]]}},{"type":"Feature","properties":{"osmRef":"way/373530363"},"geometry":{"type":"Polygon","coordinates":[[[4.3509963,52.0718603],[4.3510873,52.0719231],[4.3511115,52.0719397],[4.3511373,52.0719575],[4.3511639,52.0719759],[4.3511914,52.0719948],[4.3512145,52.0720108],[4.3512025,52.0720174],[4.3512459,52.0720472],[4.3512579,52.0720366],[4.3512705,52.0720253],[4.3515307,52.0717936],[4.3515158,52.0717836],[4.3514507,52.0718209],[4.3513923,52.0717827],[4.3514605,52.0717438],[4.3514222,52.071715],[4.3511704,52.0718008],[4.351188,52.0718209],[4.3511023,52.0718493],[4.3510847,52.0718292],[4.3510244,52.0718504],[4.3510045,52.0718574],[4.3509963,52.0718603]]]}},{"type":"Feature","properties":{"name":"Park Middenburg","osmRef":"way/373604751"},"geometry":{"type":"Polygon","coordinates":[[[4.3592812,52.0648517],[4.3593235,52.0648739],[4.3594398,52.0649255],[4.3596016,52.0648029],[4.3602945,52.064346],[4.3603184,52.0643311],[4.3607377,52.0640532],[4.3606821,52.0640216],[4.3607632,52.0639693],[4.3608249,52.0640056],[4.3611453,52.0637954],[4.3607971,52.063653],[4.359806,52.0632476],[4.3593659,52.0630691],[4.3582397,52.0639573],[4.3580343,52.0641214],[4.3579702,52.0641701],[4.3583735,52.06437],[4.3586835,52.0645233],[4.3587452,52.0645554],[4.3587942,52.0645814],[4.3592812,52.0648517]]]}},{"type":"Feature","properties":{"name":"Buitenplaats Hadriani","osmRef":"way/374804363"},"geometry":{"type":"Polygon","coordinates":[[[4.349805,52.0598413],[4.3498704,52.0598643],[4.3502097,52.0594817],[4.3503369,52.0595216],[4.3511235,52.0586905],[4.3509475,52.0584739],[4.3506459,52.0582584],[4.3502358,52.0579726],[4.3498654,52.0577364],[4.3496047,52.0575823],[4.3494902,52.0575089],[4.3492321,52.0577486],[4.3492161,52.057755],[4.3490578,52.0577792],[4.3490243,52.0578075],[4.3488964,52.0579155],[4.3483634,52.0583578],[4.3484241,52.0583652],[4.3484716,52.0583817],[4.3488526,52.0585141],[4.3494205,52.0587177],[4.3494081,52.0587382],[4.3487526,52.0593934],[4.3487818,52.0594041],[4.3491397,52.0595355],[4.3491561,52.0596487],[4.3493302,52.0597084],[4.3493637,52.0596787],[4.349805,52.0598413]]]}},{"type":"Feature","properties":{"name":"Vasalisplantsoen","osmRef":"way/422437700"},"geometry":{"type":"Polygon","coordinates":[[[4.4738881,52.1549324],[4.4739557,52.1547025],[4.4740433,52.1544588],[4.4740653,52.1543831],[4.4740883,52.1542996],[4.4741239,52.1541969],[4.4742358,52.1538595],[4.4742686,52.1537601],[4.4742989,52.1536619],[4.4743653,52.1534351],[4.4744209,52.153254],[4.4740286,52.1532156],[4.473872,52.1537283],[4.4736947,52.1542681],[4.4736672,52.1543518],[4.4735751,52.1546393],[4.4734944,52.154895],[4.4735048,52.1548963],[4.4735963,52.1549077],[4.4736562,52.1549128],[4.4736953,52.1548738],[4.4737476,52.1548393],[4.4737865,52.154859],[4.4738074,52.1548961],[4.4738146,52.1549262],[4.4738881,52.1549324]]]}},{"type":"Feature","properties":{"name":"Park De Ruigte","osmRef":"way/422438991"},"geometry":{"type":"Polygon","coordinates":[[[4.4800903,52.1538513],[4.4802105,52.1538683],[4.4802564,52.1538748],[4.4803641,52.1540429],[4.4807687,52.1540913],[4.4808242,52.1539426],[4.4809017,52.1536711],[4.4810119,52.1532851],[4.4811273,52.1529329],[4.4811631,52.1528193],[4.481458,52.1518839],[4.4813107,52.1514761],[4.4812186,52.1515085],[4.4811758,52.1515719],[4.4808946,52.1519888],[4.4806164,52.1524043],[4.4803292,52.152915],[4.4799973,52.1538361],[4.4800903,52.1538513]]]}},{"type":"Feature","properties":{"name":"Slachthuispark","osmRef":"way/422505075"},"geometry":{"type":"Polygon","coordinates":[[[4.492426,52.1652722],[4.4921701,52.1652008],[4.492153,52.1652046],[4.4921006,52.1652739],[4.4920681,52.1653169],[4.4920396,52.1653338],[4.4919473,52.165362],[4.4919172,52.1653701],[4.4918087,52.1653666],[4.4917917,52.1653747],[4.491786,52.1654291],[4.491982,52.1654309],[4.4919483,52.1657356],[4.4919647,52.1657355],[4.4919671,52.1656937],[4.4922281,52.1656984],[4.4922253,52.1657404],[4.4923392,52.165743],[4.492343,52.1656998],[4.4927722,52.1657095],[4.4927713,52.1657557],[4.4928893,52.1657588],[4.4928946,52.165709],[4.4933296,52.1657172],[4.4933253,52.1657676],[4.493451,52.1657698],[4.493451,52.1657197],[4.4940318,52.1657259],[4.4942089,52.1657277],[4.4947075,52.1657369],[4.4947019,52.1657887],[4.4947718,52.1657939],[4.4948188,52.1657677],[4.4943908,52.1654239],[4.4941486,52.1652329],[4.4940162,52.1650473],[4.4936659,52.1652196],[4.4935309,52.1651081],[4.493468,52.1650077],[4.4933329,52.1650432],[4.4932031,52.1651069],[4.4929141,52.1652451],[4.492839,52.1652697],[4.4927727,52.1652845],[4.4926772,52.1652987],[4.4925623,52.1652989],[4.4924923,52.16529],[4.492426,52.1652722]]]}},{"type":"Feature","properties":{"name":"Plantsoen","osmRef":"way/438404149"},"geometry":{"type":"Polygon","coordinates":[[[4.493972,52.1536327],[4.494029,52.1536584],[4.4941736,52.1536748],[4.4942355,52.1537081],[4.4943694,52.1537984],[4.4944511,52.1538274],[4.4945234,52.153757],[4.4946252,52.1537114],[4.494766,52.1537134],[4.4949148,52.1537454],[4.4950448,52.1537725],[4.4951261,52.1537843],[4.4952218,52.1537941],[4.4952752,52.153794],[4.4953654,52.1537862],[4.4954739,52.1537621],[4.4956473,52.1537026],[4.495746,52.1536767],[4.4957651,52.1536734],[4.4959208,52.153664],[4.4960818,52.1536609],[4.4961712,52.1536802],[4.4962636,52.1537087],[4.4964604,52.1537792],[4.4965461,52.153801],[4.4966647,52.1538199],[4.4969258,52.1538287],[4.4971156,52.1538365],[4.4973543,52.1538338],[4.4975123,52.153847],[4.4976489,52.1538511],[4.4977637,52.1538392],[4.4979127,52.1538164],[4.497985,52.1538028],[4.4981039,52.1537932],[4.4982555,52.1538081],[4.4983841,52.1538289],[4.4985766,52.153848],[4.4987061,52.1538475],[4.4991842,52.1538131],[4.499368,52.1538034],[4.4995213,52.1537938],[4.499605,52.1537952],[4.4997573,52.1538112],[4.4998645,52.1538318],[4.5000102,52.153872],[4.5001269,52.1539002],[4.5002889,52.1539154],[4.50037,52.1539137],[4.5004871,52.153902],[4.500679,52.1538735],[4.5008474,52.1538447],[4.501001,52.1538402],[4.501144,52.1538525],[4.5012832,52.1538751],[4.5015156,52.153902],[4.5017361,52.1539165],[4.5018373,52.1539263],[4.5019093,52.1539474],[4.5019843,52.1539926],[4.5020313,52.1540473],[4.5020706,52.1541358],[4.5021088,52.1542471],[4.5021299,52.1544061],[4.5021384,52.1544933],[4.5021568,52.1545849],[4.5021987,52.15468],[4.5022236,52.154714],[4.5022676,52.1547585],[4.5022999,52.1548031],[4.5023117,52.1548117],[4.5023334,52.1548154],[4.5025798,52.1548501],[4.5026903,52.1548931],[4.5027783,52.1548646],[4.5027426,52.1548184],[4.502717,52.1547853],[4.5027003,52.154667],[4.5026838,52.1545044],[4.5026694,52.1543624],[4.502681,52.1542237],[4.502685,52.1540565],[4.5027249,52.1538288],[4.5026457,52.1535367],[4.5025894,52.1534758],[4.5025351,52.1534524],[4.5024781,52.1534417],[4.5023735,52.1534413],[4.5019387,52.153508],[4.5015212,52.1535721],[4.5012751,52.1535939],[4.5008989,52.1535931],[4.5004486,52.1535878],[4.5001147,52.1535781],[4.4998381,52.1535282],[4.4997095,52.1534666],[4.4996166,52.1534014],[4.4995129,52.15334],[4.4993716,52.1532596],[4.4992833,52.1532286],[4.4991678,52.1532],[4.4990463,52.1531982],[4.49897,52.1532111],[4.4986474,52.1533437],[4.4986378,52.1533499],[4.4984214,52.1534888],[4.4982642,52.1535548],[4.4982228,52.1535598],[4.4981758,52.1535573],[4.4981025,52.1535262],[4.4980404,52.1534664],[4.4979968,52.1534567],[4.4978768,52.1534586],[4.4978392,52.1534598],[4.4978137,52.1534701],[4.4977048,52.153528],[4.4976448,52.1535417],[4.497571,52.1535462],[4.4974818,52.1535384],[4.497337,52.1535359],[4.4972183,52.1535248],[4.4969903,52.1534968],[4.4968847,52.1534732],[4.4966625,52.1534],[4.4963416,52.1532602],[4.4962013,52.153201],[4.496078,52.1531597],[4.4959705,52.1531641],[4.4958702,52.1531858],[4.4953124,52.153499],[4.4952153,52.1535499],[4.495102,52.1535832],[4.4949136,52.1536116],[4.4948064,52.1536151],[4.4943612,52.1535725],[4.4940499,52.1535855],[4.4939504,52.1535937],[4.493972,52.1536327]]]}},{"type":"Feature","properties":{"name":"Munnikenpolder","osmRef":"way/440369899"},"geometry":{"type":"Polygon","coordinates":[[[4.5464327,52.1516696],[4.5464851,52.1516874],[4.5465599,52.1517001],[4.5466625,52.1517203],[4.5467717,52.1517824],[4.5475191,52.1522639],[4.5480411,52.1525825],[4.5485091,52.1528682],[4.5490497,52.1531799],[4.5494704,52.1534329],[4.5496269,52.1535323],[4.549381,52.1535981],[4.5493922,52.1536103],[4.5495699,52.1535845],[4.5496256,52.1535796],[4.5496861,52.1535757],[4.5504981,52.1540761],[4.5509265,52.1543118],[4.5511942,52.1544923],[4.5512387,52.1545204],[4.5512853,52.15455],[4.5516343,52.154764],[4.5519846,52.1549733],[4.5524851,52.1552729],[4.5528391,52.155506],[4.5529469,52.155577],[4.5529611,52.1556179],[4.5529473,52.1556551],[4.5526582,52.1558492],[4.5524949,52.1557703],[4.5524875,52.155776],[4.552627,52.1558765],[4.552619,52.1559256],[4.5525809,52.1559702],[4.5519466,52.1565292],[4.551224,52.1571039],[4.5510429,52.1572455],[4.5502335,52.157879],[4.5503294,52.1579343],[4.5502989,52.1579905],[4.550179,52.1580991],[4.5489652,52.1575176],[4.5460783,52.1563059],[4.5452259,52.1559281],[4.5423268,52.1546161],[4.5408911,52.1539589],[4.5365624,52.1519639],[4.5366679,52.151889],[4.5367593,52.1518214],[4.5369175,52.1517069],[4.537477,52.1512872],[4.5380533,52.1508927],[4.5381513,52.1508393],[4.5413257,52.1486037],[4.5413972,52.1486023],[4.5414941,52.1486317],[4.5415445,52.1486551],[4.5416369,52.1486979],[4.5419003,52.14884],[4.542149,52.1490014],[4.5425248,52.1492116],[4.5427645,52.1493462],[4.5428796,52.1494179],[4.5430829,52.1496397],[4.5432067,52.1496483],[4.5432408,52.1496818],[4.5433103,52.1497196],[4.5433482,52.149733],[4.5434608,52.1497727],[4.5435309,52.1497993],[4.5436865,52.1498583],[4.5438499,52.1499561],[4.5440339,52.1500824],[4.5441761,52.1502071],[4.5443257,52.1503373],[4.5444678,52.1504399],[4.5445807,52.1505191],[4.5447555,52.1506567],[4.5451421,52.150849],[4.5455047,52.1510733],[4.5455806,52.1511229],[4.5459461,52.1513552],[4.5461909,52.1514925],[4.5462599,52.1515307],[4.5463372,52.151603],[4.5463827,52.1516396],[4.5464327,52.1516696]]]}},{"type":"Feature","properties":{"osmRef":"way/442861406"},"geometry":{"type":"Polygon","coordinates":[[[4.4430172,52.1527069],[4.4429703,52.1526783],[4.4429491,52.1526655],[4.442759,52.152552],[4.4429209,52.1524494],[4.4430439,52.1523687],[4.4431906,52.1522781],[4.4433837,52.1523934],[4.4434057,52.152407],[4.443453,52.1524334],[4.4432536,52.152558],[4.4431619,52.1526172],[4.4430172,52.1527069]]]}},{"type":"Feature","properties":{"name":"Stevenspark","osmRef":"way/455838599"},"geometry":{"type":"Polygon","coordinates":[[[4.4492597,52.1509106],[4.4492638,52.1512019],[4.4493308,52.151243],[4.4499088,52.1515516],[4.4499584,52.1515903],[4.4499772,52.1517269],[4.4500631,52.1517828],[4.4501972,52.1518059],[4.4502817,52.1517746],[4.4504949,52.1516693],[4.450688,52.1515977],[4.4514565,52.1514068],[4.4519875,52.1512726],[4.452119,52.1512315],[4.4522558,52.1511739],[4.4525723,52.1510529],[4.452638,52.1510069],[4.452697,52.1509353],[4.4527707,52.1509032],[4.4528526,52.1508859],[4.4529813,52.1508694],[4.4530792,52.1508439],[4.4532106,52.1507871],[4.453334,52.1507353],[4.4534064,52.1506703],[4.4535539,52.1505065],[4.4538892,52.1501716],[4.4540944,52.1499478],[4.4540958,52.149891],[4.4540287,52.1498252],[4.4538342,52.1497314],[4.4532106,52.149408],[4.4529873,52.1493105],[4.4528304,52.1493261],[4.4524415,52.1494767],[4.4521545,52.1495944],[4.4518662,52.1496487],[4.4514397,52.1496841],[4.4508966,52.1497145],[4.4505412,52.1498511],[4.4500087,52.150047],[4.4495447,52.1502691],[4.4492752,52.1504304],[4.4492698,52.1505991],[4.4492597,52.1509106]]]}},{"type":"Feature","properties":{"name":"Lumenplantsoen","osmRef":"way/468745074"},"geometry":{"type":"Polygon","coordinates":[[[5.0842331,51.5640526],[5.0843618,51.5639567],[5.0844708,51.5639489],[5.0845144,51.5639458],[5.0847632,51.563928],[5.0847916,51.563894],[5.0846353,51.563072],[5.0846089,51.5628961],[5.0845319,51.5629306],[5.0844466,51.5629548],[5.0843572,51.56297],[5.0842616,51.5629814],[5.0841692,51.5629795],[5.0840788,51.5629724],[5.0839946,51.5629589],[5.0839022,51.562939],[5.0839308,51.5631356],[5.0839439,51.5632096],[5.0836689,51.5636669],[5.0835331,51.5636731],[5.0834921,51.5636942],[5.0836533,51.5637815],[5.0839974,51.5639677],[5.0840354,51.5639823],[5.084087,51.5639726],[5.0842331,51.5640526]]]}},{"type":"Feature","properties":{"name":"Oude Warande","osmRef":"way/469653764"},"geometry":{"type":"Polygon","coordinates":[[[5.0286479,51.5679809],[5.0264601,51.5670738],[5.0256555,51.5667197],[5.0234481,51.5652177],[5.0234255,51.5647297],[5.0247297,51.564574],[5.0265474,51.5643397],[5.0263754,51.5638256],[5.0253214,51.5616867],[5.0255719,51.5616032],[5.0257134,51.5615143],[5.027361,51.5612623],[5.0272871,51.5610531],[5.0270413,51.5603571],[5.0341652,51.559351],[5.0354228,51.5591494],[5.0370153,51.5589112],[5.0372501,51.5593607],[5.0373451,51.5594289],[5.0375156,51.5597334],[5.0380656,51.5607246],[5.0389195,51.5612242],[5.0397834,51.5619141],[5.040463,51.563086],[5.0395589,51.5632546],[5.0402118,51.5644115],[5.0410651,51.5642554],[5.041939,51.5663207],[5.0367658,51.5670325],[5.0292479,51.5682889],[5.0286479,51.5679809]]]}},{"type":"Feature","properties":{"name":"Wandelbos","osmRef":"way/469660755"},"geometry":{"type":"Polygon","coordinates":[[[5.0427799,51.5671989],[5.0436655,51.5700651],[5.0438566,51.5704744],[5.0435481,51.5705067],[5.0427204,51.5703378],[5.0420708,51.5705006],[5.0405906,51.5712009],[5.0412723,51.5718946],[5.0378455,51.573213],[5.0371928,51.5726063],[5.036202,51.5723032],[5.0358614,51.5725087],[5.031396,51.5695343],[5.0317813,51.569421],[5.0350335,51.5687632],[5.0427799,51.5671989]]]}},{"type":"Feature","properties":{"name":"Stadspark Oude Dijk","osmRef":"way/478955857"},"geometry":{"type":"Polygon","coordinates":[[[5.0817022,51.5517528],[5.0837472,51.5520864],[5.0837713,51.5520903],[5.0838415,51.5521018],[5.0838939,51.5521092],[5.0838997,51.552092],[5.0839461,51.5519561],[5.084592,51.5520445],[5.084599,51.5520244],[5.0846066,51.5520026],[5.0846148,51.5519788],[5.0846105,51.5519782],[5.0846109,51.5519772],[5.0845741,51.5519721],[5.084583,51.5519486],[5.0845617,51.5519451],[5.0845607,51.5519478],[5.0845043,51.5519393],[5.0840955,51.5518787],[5.0841288,51.5517694],[5.0841405,51.551731],[5.0841953,51.5515513],[5.0842637,51.551327],[5.084271,51.551303],[5.0848467,51.5513865],[5.0849133,51.5512141],[5.0848894,51.5512106],[5.0848682,51.5512004],[5.0848511,51.5511922],[5.0848569,51.5511782],[5.0847623,51.551159],[5.0846737,51.5511401],[5.0844264,51.5510778],[5.0839263,51.5509475],[5.0833251,51.5507818],[5.0833151,51.5507791],[5.0832978,51.5507745],[5.0832721,51.5507677],[5.083215,51.5507511],[5.0826057,51.5505743],[5.0823539,51.5505172],[5.0819501,51.5504263],[5.0816453,51.5503845],[5.081396,51.5503486],[5.0813411,51.5503397],[5.0813486,51.550496],[5.081365,51.5508494],[5.0808796,51.5508831],[5.0810379,51.5510281],[5.0810247,51.5510334],[5.0810114,51.5510386],[5.0808668,51.5510957],[5.0807198,51.5511538],[5.0805826,51.5512091],[5.0805421,51.5512232],[5.080503,51.5512347],[5.0804888,51.5512384],[5.0804739,51.5512411],[5.0804436,51.5512456],[5.080413,51.5512495],[5.0803995,51.5512509],[5.0804008,51.5512657],[5.0804035,51.5512985],[5.0804096,51.5512983],[5.0804112,51.5512983],[5.0804111,51.551297],[5.0804219,51.5512967],[5.080422,51.5513005],[5.0804343,51.5513009],[5.0804661,51.5513021],[5.0805052,51.5513052],[5.0805555,51.5513134],[5.0806224,51.5513306],[5.0806638,51.5519353],[5.0806512,51.551944],[5.0806387,51.5519527],[5.0805617,51.5520063],[5.0805487,51.5520156],[5.0805524,51.5520502],[5.0805619,51.5521342],[5.0805699,51.5522043],[5.0805625,51.552209],[5.0805267,51.5522305],[5.0804915,51.5522502],[5.0804546,51.5522708],[5.0804277,51.5522857],[5.0803884,51.5522868],[5.0803321,51.5522883],[5.080334,51.552309],[5.0803392,51.5523674],[5.0803536,51.5523764],[5.0803705,51.5523867],[5.0803878,51.5523973],[5.0804013,51.5524055],[5.0804085,51.5524098],[5.0804605,51.5524233],[5.080504,51.5524344],[5.0806938,51.5524842],[5.0807953,51.5524107],[5.0811232,51.5521795],[5.081306,51.5520505],[5.0815231,51.5521201],[5.0817022,51.5517528]]]}},{"type":"Feature","properties":{"name":"Muzentuin","osmRef":"way/479216688"},"geometry":{"type":"Polygon","coordinates":[[[5.0846236,51.5534814],[5.0854675,51.5536139],[5.0856963,51.5529474],[5.0852863,51.5528895],[5.0848575,51.5528325],[5.0846236,51.5534814]]]}},{"type":"Feature","properties":{"name":"Vrijheidspark","osmRef":"way/479216691"},"geometry":{"type":"Polygon","coordinates":[[[5.0864677,51.5535584],[5.0869293,51.5536314],[5.0871662,51.5534798],[5.0872171,51.5535106],[5.0873085,51.5532869],[5.0874656,51.5533117],[5.0877519,51.5529974],[5.0869808,51.5528747],[5.0867796,51.552825],[5.0866929,51.5529991],[5.0863576,51.5529403],[5.0863049,51.5530688],[5.0867817,51.5531629],[5.0867661,51.5531944],[5.0865576,51.5531539],[5.0865304,51.5532159],[5.0867502,51.5532684],[5.0867176,51.553324],[5.0866714,51.5533299],[5.0866381,51.5533217],[5.0866051,51.5533135],[5.086572,51.5533053],[5.086539,51.5532971],[5.0865178,51.5533302],[5.0864514,51.5534847],[5.0864296,51.5535181],[5.0864677,51.5535584]]]}},{"type":"Feature","properties":{"osmRef":"way/479611167"},"geometry":{"type":"Polygon","coordinates":[[[4.4955934,52.1615442],[4.4959115,52.1615539],[4.495936,52.1612303],[4.4956194,52.1612212],[4.4955934,52.1615442]]]}},{"type":"Feature","properties":{"name":"De Bloemerd","osmRef":"way/484968332"},"geometry":{"type":"Polygon","coordinates":[[[4.5423825,52.1648759],[4.5424622,52.1648005],[4.5424974,52.1647609],[4.5425275,52.1647268],[4.5426878,52.1646021],[4.5433224,52.1641078],[4.5437265,52.1637683],[4.5447883,52.1629442],[4.5471472,52.1610497],[4.5474083,52.160878],[4.5477761,52.1605704],[4.5478736,52.1604402],[4.548174,52.1605808],[4.5481217,52.1606441],[4.5482332,52.160691],[4.5483486,52.1607577],[4.5483935,52.1608543],[4.5483885,52.1609605],[4.5483312,52.1610588],[4.5482723,52.1612096],[4.5480285,52.161253],[4.5477294,52.1614759],[4.5477005,52.161461],[4.5475619,52.1613896],[4.5474605,52.1613484],[4.5473702,52.1613455],[4.5473136,52.1613768],[4.5468858,52.1617406],[4.5468376,52.1618056],[4.5468229,52.1618747],[4.5466249,52.1619277],[4.5466893,52.1620747],[4.5468727,52.1620655],[4.546907,52.1621221],[4.546952,52.1622159],[4.5472524,52.1623454],[4.5475775,52.1624259],[4.5476411,52.1623928],[4.5476821,52.1623675],[4.5477363,52.1623569],[4.5478614,52.1623552],[4.5480454,52.1623284],[4.5481634,52.1622065],[4.5486086,52.1619585],[4.5489583,52.1618565],[4.5490408,52.1619204],[4.5491293,52.1619897],[4.5493993,52.1621683],[4.5497165,52.1623618],[4.5499627,52.1624772],[4.5501288,52.16255],[4.5503161,52.1626066],[4.5504306,52.1626384],[4.5504664,52.1626537],[4.5504744,52.1626761],[4.5504476,52.1627078],[4.5492192,52.1640152],[4.54868,52.1645891],[4.5480749,52.1652102],[4.5419568,52.1717443],[4.5415544,52.171657],[4.5413911,52.1715945],[4.5408338,52.1714482],[4.540717,52.1714147],[4.5405885,52.1713765],[4.5404561,52.1713281],[4.5401933,52.1711859],[4.5401046,52.1711288],[4.540064,52.171091],[4.540059,52.1710535],[4.5401154,52.1709837],[4.5401805,52.1709184],[4.5401418,52.1708678],[4.5400262,52.1707636],[4.5398873,52.1706017],[4.5398427,52.1705876],[4.539809,52.1705964],[4.5397599,52.170619],[4.5396661,52.1706437],[4.5395988,52.1706454],[4.539558,52.1706314],[4.5395212,52.1706013],[4.5393954,52.1705316],[4.5393214,52.1704965],[4.5392129,52.1704724],[4.5391198,52.1704855],[4.5390406,52.1705047],[4.5389812,52.1704986],[4.538819,52.170387],[4.5386775,52.1703208],[4.5386226,52.1702601],[4.5383049,52.1700512],[4.5381807,52.1699844],[4.5377016,52.1696391],[4.5371969,52.1692642],[4.5368306,52.1689655],[4.5367791,52.1689179],[4.5367706,52.1689044],[4.5370225,52.1687744],[4.5373761,52.168586],[4.537895,52.1682156],[4.5383834,52.1678424],[4.5385434,52.167709],[4.5387082,52.1675624],[4.5387835,52.1675418],[4.5390025,52.1675783],[4.5390721,52.1675466],[4.5390007,52.167489],[4.5387861,52.1674478],[4.5389388,52.1672854],[4.5394374,52.1670043],[4.5400447,52.1666022],[4.5423825,52.1648759]]]}},{"type":"Feature","properties":{"name":"Ypelaerpark","osmRef":"way/487138356"},"geometry":{"type":"Polygon","coordinates":[[[5.0785442,51.5896039],[5.079974,51.5894459],[5.0800182,51.5895922],[5.0806142,51.5895247],[5.0805523,51.5893751],[5.0805987,51.5892954],[5.0800673,51.5881154],[5.0800025,51.5879467],[5.0798719,51.5876778],[5.0796948,51.5874321],[5.0795767,51.5872496],[5.0795004,51.587085],[5.079477,51.5870295],[5.0791987,51.5865377],[5.0791232,51.5865429],[5.0789445,51.5865074],[5.0787776,51.5864912],[5.0778735,51.5866061],[5.0773627,51.5866643],[5.0774438,51.5867593],[5.0776346,51.5873829],[5.0776648,51.5874763],[5.0774727,51.5874985],[5.0775327,51.5877052],[5.0777159,51.5876845],[5.0779069,51.5883681],[5.0777248,51.588388],[5.0777819,51.5885937],[5.0779643,51.5885732],[5.0781604,51.589245],[5.0784047,51.5892168],[5.0785442,51.5896039]]]}},{"type":"Feature","properties":{"name":"Quirijnstokpark","osmRef":"way/487212321"},"geometry":{"type":"Polygon","coordinates":[[[5.1058144,51.5855452],[5.1086973,51.5841358],[5.107778,51.5829934],[5.1080529,51.5829051],[5.1078017,51.5826195],[5.1072368,51.5819279],[5.1068778,51.5820365],[5.1060818,51.5810649],[5.1070152,51.5807646],[5.1062429,51.5798106],[5.1039318,51.5804731],[5.1033833,51.5798386],[5.1033075,51.5798577],[5.1031606,51.5800977],[5.103381,51.5802714],[5.1033312,51.5805084],[5.1028242,51.5809722],[5.1020566,51.5810929],[5.1019619,51.5808176],[5.1019015,51.5805202],[5.1026833,51.5797649],[5.1017262,51.5797502],[5.1017688,51.580186],[5.100897,51.5802375],[5.1008212,51.5805585],[5.1013305,51.5807793],[5.1015295,51.5809618],[5.1030967,51.5828506],[5.1033146,51.5831053],[5.1050678,51.5848232],[5.1058144,51.5855452]]]}},{"type":"Feature","properties":{"name":"Quirinustuinen","osmRef":"way/487402566"},"geometry":{"type":"Polygon","coordinates":[[[5.0960262,51.5887249],[5.0956455,51.588741],[5.0949828,51.5856098],[5.0950262,51.5854851],[5.0949188,51.5854026],[5.0951797,51.5851603],[5.0950912,51.5850123],[5.0950978,51.5849139],[5.0947869,51.5845926],[5.0955612,51.5847319],[5.0955565,51.5849204],[5.0961593,51.5875048],[5.0963929,51.5876417],[5.0965172,51.5882047],[5.0959483,51.5882585],[5.0960262,51.5887249]]]}},{"type":"Feature","properties":{"name":"Quirinustuinen","osmRef":"way/487420715"},"geometry":{"type":"Polygon","coordinates":[[[5.0952917,51.5845089],[5.0952841,51.5842889],[5.0949639,51.5843029],[5.0947981,51.5834906],[5.0947948,51.5832828],[5.0947553,51.5830469],[5.0946064,51.5825073],[5.0944802,51.5819425],[5.0944067,51.5816914],[5.0941458,51.5817066],[5.094079,51.58139],[5.0938058,51.581404],[5.09317,51.5814397],[5.0932435,51.5816206],[5.0934072,51.5823227],[5.0936156,51.5824982],[5.0937701,51.5831905],[5.0939829,51.5833579],[5.0941277,51.5840387],[5.09358,51.5841926],[5.0940462,51.5842552],[5.0952917,51.5845089]]]}},{"type":"Feature","properties":{"name":"Park 't Loo","osmRef":"way/494271364"},"geometry":{"type":"Polygon","coordinates":[[[4.3586181,52.078637],[4.3586748,52.0786728],[4.3586048,52.0787336],[4.3585619,52.0787649],[4.3585151,52.0787957],[4.3584789,52.0788133],[4.3584419,52.0788301],[4.3584124,52.0788395],[4.3583637,52.0788515],[4.3557916,52.081033],[4.3555614,52.0812042],[4.3536198,52.0828486],[4.3536161,52.082883],[4.3548363,52.0834332],[4.3548443,52.0834362],[4.3550089,52.083523],[4.3560375,52.0826634],[4.3561514,52.0826102],[4.3562038,52.082577],[4.357034,52.0819233],[4.3570345,52.0817933],[4.3600285,52.0792697],[4.3603459,52.0790282],[4.3611801,52.0783308],[4.3619739,52.0776512],[4.3621781,52.0774866],[4.3607592,52.0768584],[4.3607174,52.076877],[4.3597843,52.0776932],[4.3589758,52.0783996],[4.3586181,52.078637]]]}},{"type":"Feature","properties":{"name":"Park Rozenrust","osmRef":"way/511588195"},"geometry":{"type":"Polygon","coordinates":[[[4.4079101,52.0909733],[4.4084139,52.0907181],[4.4085272,52.0907372],[4.4088207,52.0905949],[4.4089163,52.0906697],[4.4089648,52.0907076],[4.4090875,52.0906468],[4.409393,52.0906102],[4.4101953,52.0913771],[4.4099327,52.0915031],[4.4098639,52.0915385],[4.409901,52.0915685],[4.4094763,52.0917983],[4.4093803,52.0917487],[4.4092514,52.0918116],[4.4085487,52.0917616],[4.4083665,52.0918517],[4.4079628,52.0915573],[4.4083768,52.0913314],[4.4079101,52.0909733]]]}},{"type":"Feature","properties":{"name":"Ajax Sportman Combinatie (ASC)","osmRef":"way/514016283"},"geometry":{"type":"Polygon","coordinates":[[[4.4869425,52.1849747],[4.4881538,52.1858312],[4.48938,52.1867304],[4.4897429,52.1866233],[4.4900632,52.1864914],[4.4904034,52.1863709],[4.4903997,52.1863556],[4.4902828,52.1863294],[4.4902544,52.1862924],[4.4902808,52.1862412],[4.4904001,52.1861824],[4.4905648,52.1861993],[4.490595,52.1861208],[4.4899373,52.1856474],[4.49005,52.1849748],[4.490286,52.1848482],[4.4897522,52.1844535],[4.4895318,52.1843625],[4.4891738,52.1841047],[4.4884145,52.1845134],[4.4881337,52.1843256],[4.4880021,52.1843955],[4.4879591,52.1843595],[4.4879378,52.1843686],[4.4875434,52.1845332],[4.4876312,52.184602],[4.4869425,52.1849747]]]}},{"type":"Feature","properties":{"osmRef":"way/517592973"},"geometry":{"type":"Polygon","coordinates":[[[4.5420079,52.1653829],[4.5417362,52.1656141],[4.5417544,52.1656471],[4.5417476,52.165672],[4.5417121,52.1657184],[4.5415594,52.1658139],[4.5415078,52.1658773],[4.5415004,52.1659354],[4.5415377,52.165961],[4.5415876,52.1659804],[4.541641,52.1659887],[4.5417104,52.1659776],[4.5418152,52.1659281],[4.5418781,52.1659286],[4.5419471,52.1659366],[4.5419911,52.165937],[4.5420165,52.1659276],[4.5420265,52.1658928],[4.5420682,52.1658563],[4.5421188,52.1658373],[4.5421692,52.1658357],[4.542238,52.1658576],[4.5422596,52.1658791],[4.5422591,52.165908],[4.5422237,52.1659485],[4.542229,52.1659988],[4.5422854,52.1660127],[4.5423195,52.1660399],[4.5423441,52.1660673],[4.5423304,52.1661481],[4.5424384,52.1661368],[4.5424603,52.1660757],[4.5425151,52.1660123],[4.5425597,52.1659759],[4.5426011,52.1659512],[4.5426264,52.1659474],[4.5426829,52.1659534],[4.5427076,52.165975],[4.5427099,52.1660252],[4.542722,52.1660467],[4.5428019,52.1660863],[4.5429359,52.1661367],[4.5429816,52.1661221],[4.5431094,52.1660205],[4.5431255,52.1660032],[4.5431662,52.1660111],[4.5432136,52.1660457],[4.5432896,52.1659291],[4.5433067,52.1659028],[4.5433593,52.1657793],[4.5433863,52.1656849],[4.543402,52.1655165],[4.5433848,52.1654579],[4.5433651,52.1654758],[4.5433665,52.1653963],[4.5433171,52.1653543],[4.5431958,52.1652723],[4.5430525,52.1652039],[4.5429873,52.1651728],[4.5425277,52.1649555],[4.5419739,52.1653515],[4.541983,52.1653709],[4.5420079,52.1653829]]]}},{"type":"Feature","properties":{"name":"Columbusplein","osmRef":"way/525019301"},"geometry":{"type":"Polygon","coordinates":[[[5.0844585,51.5479215],[5.0847782,51.5476835],[5.0847917,51.5476733],[5.0848068,51.5476623],[5.0848151,51.5476561],[5.0849994,51.5475192],[5.0850297,51.5475356],[5.0850412,51.547528],[5.0850712,51.5475453],[5.0850435,51.547566],[5.0850569,51.547573],[5.0850658,51.5475776],[5.0850749,51.5475824],[5.0850899,51.5475901],[5.0851186,51.5475683],[5.0851486,51.5475839],[5.0851358,51.5475936],[5.0851682,51.5476102],[5.0849773,51.5477525],[5.0849632,51.5477626],[5.0849516,51.5477716],[5.0846242,51.5480148],[5.084571,51.5479859],[5.0846314,51.5479458],[5.0846061,51.5479319],[5.0845972,51.5479269],[5.0845876,51.5479217],[5.0845603,51.5479067],[5.0845014,51.5479463],[5.0844585,51.5479215]]]}},{"type":"Feature","properties":{"name":"Transvaalplein","osmRef":"way/528141012"},"geometry":{"type":"Polygon","coordinates":[[[5.083449,51.5465468],[5.0841819,51.5469158],[5.0842081,51.5469289],[5.0846759,51.5471665],[5.0846817,51.5471694],[5.0846929,51.547175],[5.0847064,51.5471779],[5.0847207,51.5471777],[5.0847342,51.5471746],[5.0847452,51.5471689],[5.0847524,51.5471612],[5.0847552,51.5471525],[5.084753,51.5471437],[5.0845965,51.5468505],[5.0845806,51.5468212],[5.0842873,51.5462728],[5.0842796,51.5462625],[5.0842682,51.5462538],[5.0842537,51.5462469],[5.0842371,51.5462424],[5.0842192,51.5462404],[5.0842011,51.5462412],[5.0841838,51.5462446],[5.0834574,51.5464817],[5.0834434,51.5464884],[5.083433,51.5464974],[5.0834269,51.5465077],[5.0834256,51.5465187],[5.0834291,51.5465293],[5.0834372,51.5465389],[5.083449,51.5465468]]]}},{"type":"Feature","properties":{"name":"Buurtpark Schoolstraat","osmRef":"way/541341009"},"geometry":{"type":"Polygon","coordinates":[[[5.0793716,51.5573709],[5.0793749,51.5573997],[5.0786924,51.557448],[5.0783344,51.5574733],[5.0783436,51.5574456],[5.0783391,51.557445],[5.0783382,51.5574479],[5.078282,51.5574408],[5.0784225,51.5570076],[5.0786187,51.5564028],[5.0786291,51.5563779],[5.0787817,51.555997],[5.0788467,51.556008],[5.0787964,51.5561118],[5.0793641,51.5562168],[5.0793359,51.556276],[5.0794082,51.5562892],[5.0794308,51.5562436],[5.0794029,51.5562384],[5.0794568,51.5561249],[5.0794544,51.5561243],[5.0794608,51.556111],[5.0796821,51.5561494],[5.0791544,51.5571937],[5.0791681,51.5571964],[5.0791531,51.5572263],[5.0791065,51.5573189],[5.0793716,51.5573709]]]}},{"type":"Feature","properties":{"name":"Theresiaplein","osmRef":"way/541603673"},"geometry":{"type":"Polygon","coordinates":[[[5.0836547,51.5655685],[5.0829311,51.5654572],[5.0827694,51.5658628],[5.0834935,51.5659725],[5.0836547,51.5655685]]]}},{"type":"Feature","properties":{"name":"Park Wilgenhorst","osmRef":"way/544893759"},"geometry":{"type":"Polygon","coordinates":[[[4.4921066,52.2165062],[4.494284,52.2176177],[4.494965,52.2180401],[4.4951176,52.2181835],[4.4953053,52.218453],[4.4954804,52.218776],[4.4955797,52.2190512],[4.4954014,52.2190631],[4.4951869,52.2188331],[4.491659,52.216802],[4.4921066,52.2165062]]]}},{"type":"Feature","properties":{"name":"Spoorpark","osmRef":"way/546411088"},"geometry":{"type":"Polygon","coordinates":[[[5.0733632,51.5607521],[5.0737307,51.5607666],[5.0738457,51.5610483],[5.0737284,51.5610695],[5.0737879,51.5612221],[5.0737119,51.5612585],[5.0737824,51.5614297],[5.0741643,51.5613723],[5.0742191,51.5615117],[5.0738195,51.5615636],[5.0653267,51.5627773],[5.0660451,51.5624764],[5.0661064,51.5623294],[5.0654885,51.5622451],[5.0654885,51.562015],[5.0657303,51.5613802],[5.0678629,51.5610769],[5.0678556,51.560963],[5.0707291,51.5608289],[5.0707439,51.5608282],[5.0733532,51.5608739],[5.0733632,51.5607521]]]}},{"type":"Feature","properties":{"name":"'t Lienplantsoen","osmRef":"way/551499248"},"geometry":{"type":"Polygon","coordinates":[[[4.4000143,52.0913518],[4.399976,52.0913812],[4.3995845,52.0912059],[4.3977503,52.090314],[4.3983238,52.0899073],[4.3986461,52.0900563],[4.4000427,52.0911432],[4.4000713,52.091244],[4.4000698,52.0912974],[4.4000143,52.0913518]]]}},{"type":"Feature","properties":{"name":"Kromhoutpark","osmRef":"way/551932337"},"geometry":{"type":"Polygon","coordinates":[[[5.0685676,51.5551046],[5.0686727,51.5546549],[5.0689477,51.5536129],[5.0680404,51.5535203],[5.0668749,51.5534036],[5.0660958,51.5533164],[5.0657487,51.5532739],[5.0656534,51.5532624],[5.0656075,51.5532566],[5.0646221,51.5531017],[5.0644653,51.5533473],[5.0643746,51.5535226],[5.0641663,51.5538966],[5.0641382,51.55395],[5.0641018,51.5540692],[5.0639646,51.5543498],[5.0639167,51.554503],[5.0638655,51.5546345],[5.06412,51.5546633],[5.0646093,51.554912],[5.0649594,51.5549732],[5.0653494,51.5550389],[5.0658207,51.555092],[5.066235,51.5551096],[5.0665682,51.5551021],[5.0668526,51.5550844],[5.0670923,51.5550708],[5.0671207,51.5549988],[5.0672934,51.5549773],[5.0674863,51.5549647],[5.0675973,51.5549794],[5.0676224,51.5550316],[5.0677468,51.5550318],[5.0679955,51.5550665],[5.0683862,51.5550935],[5.0685676,51.5551046]]]}},{"type":"Feature","properties":{"name":"Park Rusthoff","osmRef":"way/552659528"},"geometry":{"type":"Polygon","coordinates":[[[4.5217295,52.2259989],[4.5215194,52.2258515],[4.5223577,52.2253695],[4.5223375,52.2252575],[4.5224999,52.2251287],[4.5228273,52.2249195],[4.5232123,52.2247359],[4.5249098,52.2241275],[4.5268198,52.225607],[4.5260238,52.2259813],[4.5264095,52.226285],[4.5259125,52.2264985],[4.5256858,52.2263242],[4.5256401,52.2263043],[4.5255506,52.2263018],[4.5247487,52.2266206],[4.524396,52.2263417],[4.5242822,52.2263149],[4.5242304,52.2263205],[4.5239092,52.2264282],[4.5229993,52.2259168],[4.5226699,52.2261033],[4.5223877,52.2259295],[4.5221448,52.2257691],[4.5217295,52.2259989]]]}},{"type":"Feature","properties":{"name":"Park Groot Leerust","osmRef":"way/564812106"},"geometry":{"type":"Polygon","coordinates":[[[4.5085827,52.1990441],[4.5093126,52.1986934],[4.5099452,52.1983122],[4.5099279,52.1982848],[4.5098048,52.1982539],[4.5095443,52.1981914],[4.5092179,52.1980979],[4.5089187,52.198041],[4.5088657,52.1980429],[4.5087972,52.1980723],[4.5086378,52.1981758],[4.5084246,52.198329],[4.5081011,52.1985013],[4.5080888,52.1985296],[4.5080059,52.1985691],[4.508247,52.1987787],[4.5083138,52.1988312],[4.5085827,52.1990441]]]}},{"type":"Feature","properties":{"osmRef":"way/574637591"},"geometry":{"type":"Polygon","coordinates":[[[4.4989083,52.1593043],[4.4989757,52.1594706],[4.4993244,52.1594168],[4.4992613,52.1592513],[4.4989083,52.1593043]]]}},{"type":"Feature","properties":{"name":"Julianapark","osmRef":"way/588401665"},"geometry":{"type":"Polygon","coordinates":[[[5.0840594,51.5755138],[5.0840403,51.5755078],[5.0840195,51.5755048],[5.0839981,51.5755049],[5.0839773,51.5755081],[5.0839583,51.5755142],[5.0839421,51.5755229],[5.0839319,51.5755351],[5.0839256,51.5755482],[5.0839233,51.5755618],[5.0839251,51.5755755],[5.0839311,51.5755887],[5.0842593,51.5761407],[5.0842687,51.5761564],[5.0842754,51.5761659],[5.0842862,51.5761737],[5.0843002,51.5761793],[5.0843161,51.5761822],[5.0843327,51.5761821],[5.0843485,51.5761791],[5.0843624,51.5761734],[5.0843729,51.5761654],[5.0848138,51.5758492],[5.0848262,51.5758386],[5.0848336,51.5758263],[5.0848357,51.5758133],[5.0848321,51.5758004],[5.0848233,51.5757885],[5.0848097,51.5757785],[5.0847924,51.5757711],[5.084263,51.5755852],[5.0840594,51.5755138]]]}},{"type":"Feature","properties":{"name":"Park ter Roomleij","osmRef":"way/588627225"},"geometry":{"type":"Polygon","coordinates":[[[5.1535003,51.613227],[5.1532953,51.6129183],[5.152866,51.612318],[5.1527531,51.6121605],[5.1526944,51.6120846],[5.152654,51.6120474],[5.1525919,51.6119754],[5.1525295,51.6119559],[5.1524856,51.6118875],[5.1522773,51.6114778],[5.1522305,51.6113957],[5.1518887,51.6107953],[5.1526609,51.6106165],[5.1529028,51.6105555],[5.1528668,51.6104959],[5.1526969,51.6102293],[5.1523563,51.6103123],[5.1522242,51.6101053],[5.1525987,51.6099581],[5.1525336,51.6098541],[5.1524534,51.6097803],[5.1522009,51.6098794],[5.1519363,51.6094606],[5.15188,51.6093998],[5.1516551,51.6091328],[5.1516057,51.6089591],[5.1515082,51.6086724],[5.1513574,51.6082064],[5.1516388,51.6080971],[5.1518926,51.607999],[5.1523719,51.6087177],[5.1524473,51.6088187],[5.1524642,51.6088353],[5.1528118,51.6087037],[5.152868,51.608781],[5.1531208,51.6095967],[5.1531516,51.6096917],[5.1533115,51.6100819],[5.1535968,51.6107485],[5.1536838,51.6109495],[5.1538046,51.6112292],[5.1538895,51.6114257],[5.1539146,51.6114985],[5.15393,51.6115429],[5.1539391,51.6115691],[5.1541222,51.6120998],[5.1542128,51.6124688],[5.1542996,51.6127818],[5.1543411,51.6129339],[5.1543665,51.6130587],[5.1562895,51.6156003],[5.1551076,51.6158838],[5.1536522,51.6132921],[5.1535003,51.613227]]]}},{"type":"Feature","properties":{"name":"Park Prinsenhof","osmRef":"way/601800106"},"geometry":{"type":"Polygon","coordinates":[[[4.3951166,52.096495],[4.395219,52.0965435],[4.395253,52.0965121],[4.395599,52.0966693],[4.3955676,52.0966978],[4.3956963,52.0967548],[4.3957279,52.0967277],[4.3964553,52.0970549],[4.3964619,52.0970579],[4.396419,52.0970925],[4.3965191,52.0971397],[4.3965513,52.0971549],[4.3966003,52.0971162],[4.3974834,52.0975012],[4.3974365,52.097547],[4.3975791,52.0976061],[4.397621,52.0975724],[4.3976282,52.0975666],[4.3981233,52.0977819],[4.398088,52.0978156],[4.3983242,52.0979197],[4.3983536,52.0978933],[4.3988923,52.098132],[4.3988613,52.0981606],[4.398998,52.098222],[4.3990292,52.0981926],[4.3997457,52.0985101],[4.3997102,52.0985415],[4.3998449,52.098602],[4.3998815,52.0985702],[4.4001239,52.0986803],[4.4000847,52.0987132],[4.4002303,52.0987766],[4.4002767,52.0987968],[4.4011025,52.0980995],[4.4014309,52.0978816],[4.4026536,52.0968285],[4.4001648,52.0957123],[4.4001244,52.0956942],[4.3999073,52.0955693],[4.3981254,52.0947737],[4.3980193,52.094676],[4.3975113,52.0944594],[4.396847,52.0950145],[4.3967381,52.0951064],[4.3963928,52.0953948],[4.3963716,52.0954125],[4.3963632,52.0954194],[4.3951166,52.096495]]]}},{"type":"Feature","properties":{"osmRef":"way/609970271"},"geometry":{"type":"Polygon","coordinates":[[[4.99805,51.5802417],[4.9980515,51.5802672],[4.9980632,51.5802916],[4.9980844,51.5803134],[4.9981137,51.5803313],[4.9981493,51.580344],[4.9981888,51.5803508],[4.9982298,51.5803512],[4.9982766,51.5803434],[4.9983176,51.5803275],[4.9983493,51.5803047],[4.9983687,51.5802771],[4.9983743,51.5802473],[4.9983654,51.5802177],[4.9983429,51.580191],[4.9983083,51.5801695],[4.998265,51.5801553],[4.9982168,51.5801498],[4.9981683,51.5801535],[4.9981236,51.580166],[4.998087,51.5801862],[4.9980617,51.5802122],[4.99805,51.5802417]]]}},{"type":"Feature","properties":{"name":"Reeshofbos","osmRef":"way/610169576"},"geometry":{"type":"Polygon","coordinates":[[[5.0070775,51.5767078],[5.005443,51.5719652],[5.0173779,51.5702924],[5.0176328,51.570626],[5.0181963,51.5714408],[5.0182495,51.5715052],[5.0184799,51.5714968],[5.0186497,51.5717612],[5.018817,51.5720213],[5.0189529,51.5721872],[5.0190979,51.5723594],[5.019266,51.5725341],[5.0193965,51.5726644],[5.0197016,51.5729707],[5.0185227,51.5733277],[5.0184774,51.5733406],[5.0070775,51.5767078]]]}},{"type":"Feature","properties":{"name":"Speelbos","osmRef":"way/625761410"},"geometry":{"type":"Polygon","coordinates":[[[5.0203068,51.5727474],[5.0197402,51.5719646],[5.0240597,51.5703036],[5.0241129,51.5697255],[5.0256648,51.5693564],[5.0264214,51.5703068],[5.0267265,51.5706901],[5.0203068,51.5727474]]]}},{"type":"Feature","properties":{"osmRef":"way/626857302"},"geometry":{"type":"Polygon","coordinates":[[[4.9960826,51.6052957],[4.9960268,51.6052953],[4.9959351,51.6052948],[4.9958873,51.6052963],[4.9958466,51.6052998],[4.995813,51.6053073],[4.9957862,51.6053223],[4.9957648,51.6053423],[4.9957514,51.605369],[4.9957514,51.6053923],[4.9957493,51.6055858],[4.9957678,51.6055859],[4.9960244,51.6055878],[4.9960737,51.6055882],[4.9960826,51.6052957]]]}},{"type":"Feature","properties":{"osmRef":"way/626857307"},"geometry":{"type":"Polygon","coordinates":[[[4.993521,51.6055469],[4.9935222,51.6054104],[4.9937703,51.6054113],[4.9937691,51.6055478],[4.993521,51.6055469]]]}},{"type":"Feature","properties":{"osmRef":"way/626857308"},"geometry":{"type":"Polygon","coordinates":[[[4.9932138,51.6055441],[4.993215,51.6054076],[4.9934631,51.6054084],[4.9934619,51.6055449],[4.9932138,51.6055441]]]}},{"type":"Feature","properties":{"name":"Peerke Donderspark","osmRef":"way/636651527"},"geometry":{"type":"Polygon","coordinates":[[[5.0914509,51.5934112],[5.0916119,51.5936437],[5.0920332,51.5934109],[5.0919277,51.5931812],[5.0919091,51.5931188],[5.0919174,51.5930841],[5.0919512,51.5930457],[5.0919991,51.5930104],[5.0920866,51.5929648],[5.0923341,51.5928987],[5.0923885,51.592872],[5.0924257,51.5928367],[5.0924529,51.5927902],[5.0924824,51.5926286],[5.0925022,51.5925829],[5.0925317,51.5925493],[5.0925658,51.5925294],[5.0926142,51.5925166],[5.0926702,51.5925164],[5.0927157,51.5925248],[5.0927474,51.5925393],[5.0927731,51.5925667],[5.0928857,51.5927892],[5.0929183,51.5928097],[5.0930334,51.5928195],[5.0931557,51.5928532],[5.0932537,51.5928845],[5.0932778,51.5929287],[5.0932798,51.592958],[5.0932443,51.5929991],[5.0931905,51.593041],[5.0931067,51.5930704],[5.0930335,51.593085],[5.0929765,51.593102],[5.0929297,51.5931207],[5.0929007,51.5931569],[5.0928796,51.593197],[5.0928589,51.5932309],[5.0928378,51.5933017],[5.0927949,51.593345],[5.092742,51.5933838],[5.092642,51.5934161],[5.092534,51.593436],[5.0920936,51.5934286],[5.0916863,51.5936876],[5.0922776,51.5936849],[5.0924381,51.5936961],[5.0931151,51.5932761],[5.093646,51.5929822],[5.0925965,51.592256],[5.0918383,51.5929426],[5.091778,51.5929938],[5.0915725,51.5931756],[5.0916806,51.593338],[5.0914509,51.5934112]]]}},{"type":"Feature","properties":{"name":"Ghoybos","osmRef":"way/653635812"},"geometry":{"type":"Polygon","coordinates":[[[4.5492073,52.1646963],[4.5509567,52.1650424],[4.5506482,52.1656397],[4.5529083,52.1660514],[4.5527593,52.1661239],[4.5525525,52.1667478],[4.555811,52.167355],[4.5559941,52.1673912],[4.5560225,52.1673869],[4.5560439,52.1673696],[4.5563236,52.1667725],[4.5617295,52.1677442],[4.5601925,52.1665368],[4.5592629,52.1660131],[4.5565395,52.1649285],[4.5563436,52.1648805],[4.5557957,52.164784],[4.555783,52.1647818],[4.5547885,52.164589],[4.5547006,52.1645714],[4.5546015,52.1645638],[4.5533157,52.1642875],[4.5532565,52.16417],[4.5502035,52.1636237],[4.5492073,52.1646963]]]}},{"type":"Feature","properties":{"name":"Vroege Vogelspark","osmRef":"way/682072444"},"geometry":{"type":"Polygon","coordinates":[[[4.4903042,52.1785935],[4.4903618,52.1787069],[4.4911258,52.1802633],[4.4912766,52.1805705],[4.4914297,52.1805444],[4.4915314,52.1804397],[4.4916527,52.1803062],[4.4917695,52.1802811],[4.4918183,52.1802722],[4.4920775,52.1802204],[4.492212,52.180194],[4.492294,52.1801786],[4.4922873,52.1801627],[4.4923265,52.1801456],[4.4923412,52.1801099],[4.4919115,52.1792667],[4.4920476,52.1791932],[4.4916652,52.1784139],[4.4916134,52.1783564],[4.4909437,52.1784767],[4.4908928,52.1784894],[4.4903042,52.1785935]]]}},{"type":"Feature","properties":{"name":"Kooipark","osmRef":"way/686934337"},"geometry":{"type":"Polygon","coordinates":[[[4.5087034,52.1635019],[4.5087148,52.1636033],[4.5087517,52.1641374],[4.5087544,52.1641636],[4.5087685,52.1644347],[4.5087744,52.1645021],[4.5087817,52.1646517],[4.5087596,52.1646747],[4.5087,52.1646927],[4.508525,52.1647053],[4.5084144,52.1647114],[4.5078057,52.1647438],[4.5077398,52.1647465],[4.5072421,52.1647712],[4.507087,52.1647693],[4.506851,52.1647815],[4.5068088,52.1647728],[4.5067867,52.1647566],[4.5067807,52.1645953],[4.5067821,52.1645544],[4.5067616,52.1640787],[4.5067509,52.1636251],[4.5067481,52.1635508],[4.5070105,52.1635474],[4.5084462,52.1635084],[4.5087034,52.1635019]]]}},{"type":"Feature","properties":{"osmRef":"way/687224628"},"geometry":{"type":"Polygon","coordinates":[[[4.4973888,52.1678824],[4.4973558,52.1678821],[4.4973205,52.1678914],[4.4973134,52.1679064],[4.4972842,52.1680418],[4.4972857,52.1681457],[4.4973211,52.1683432],[4.4973627,52.1684604],[4.4974028,52.1684859],[4.4974813,52.1684859],[4.4977556,52.1684386],[4.4982538,52.1683121],[4.4984266,52.1682806],[4.4987441,52.1682276],[4.4991434,52.168186],[4.4991434,52.1681703],[4.4984487,52.1682046],[4.4984511,52.1682512],[4.4980716,52.1682992],[4.4979716,52.1683284],[4.4979099,52.1682989],[4.4978657,52.1682685],[4.4978267,52.1682371],[4.4978002,52.168198],[4.4977931,52.1681546],[4.4977967,52.1681144],[4.4978303,52.1680721],[4.4978763,52.1680319],[4.4979223,52.1680135],[4.4982958,52.1680163],[4.4983775,52.1680192],[4.4984302,52.1679848],[4.4979164,52.1679784],[4.4977144,52.1679497],[4.4973888,52.1678824]]]}},{"type":"Feature","properties":{"osmRef":"way/687437274"},"geometry":{"type":"Polygon","coordinates":[[[4.4926002,52.1611459],[4.4926227,52.1610005],[4.4928101,52.1610091],[4.4928358,52.1610103],[4.4928584,52.1610117],[4.4929691,52.1610178],[4.4929554,52.161164],[4.4928443,52.1611587],[4.4928059,52.1611569],[4.4927685,52.161155],[4.4926669,52.1611498],[4.4926002,52.1611459]]]}},{"type":"Feature","properties":{"name":"Huis Ter Leede","osmRef":"way/688396298"},"geometry":{"type":"Polygon","coordinates":[[[4.533,52.2282],[4.5321566,52.2287229],[4.5334753,52.2298166],[4.5350593,52.228972],[4.535216,52.228879],[4.5343803,52.2283637],[4.534242,52.2283357],[4.5341099,52.2282365],[4.5335466,52.2278987],[4.533,52.2282]]]}},{"type":"Feature","properties":{"osmRef":"way/688661890"},"geometry":{"type":"Polygon","coordinates":[[[4.5135337,52.226808],[4.5138532,52.2265948],[4.5142873,52.2268911],[4.5146564,52.2271463],[4.5149468,52.2273536],[4.5151029,52.2274626],[4.5152284,52.2275542],[4.515696,52.2278608],[4.5162198,52.2282415],[4.5167626,52.228582],[4.5169946,52.2284426],[4.5172032,52.2287178],[4.5170252,52.2288439],[4.5175928,52.2292567],[4.5181443,52.2296446],[4.5183296,52.2295794],[4.5187732,52.2299806],[4.5189731,52.2301379],[4.5194341,52.2299556],[4.5194619,52.2299511],[4.5196647,52.2300065],[4.5194808,52.2300923],[4.5194371,52.2300539],[4.5191598,52.2301951],[4.518779,52.2303792],[4.5186958,52.2303783],[4.5185178,52.2302925],[4.5184318,52.2301835],[4.5178058,52.2297438],[4.5172499,52.2293443],[4.5168443,52.2290592],[4.5165948,52.2289046],[4.5159805,52.2284462],[4.515588,52.2281852],[4.5151044,52.2278523],[4.5148264,52.2276655],[4.5146207,52.2275082],[4.5145404,52.2274331],[4.5141428,52.2272012],[4.5137219,52.2269353],[4.5135337,52.226808]]]}},{"type":"Feature","properties":{"osmRef":"way/690078607"},"geometry":{"type":"Polygon","coordinates":[[[4.4790519,52.167864],[4.4793767,52.1674902],[4.4794078,52.1675225],[4.4795058,52.1674202],[4.4794732,52.1673836],[4.4794683,52.167378],[4.4795129,52.1673724],[4.4796827,52.1674301],[4.4797464,52.1674047],[4.4798023,52.1674245],[4.4798353,52.167447],[4.479838,52.1674748],[4.4798185,52.1674955],[4.4797953,52.1674533],[4.479761,52.16746],[4.479768,52.1674757],[4.4797363,52.1674832],[4.4797468,52.1675043],[4.479715,52.1675115],[4.479725,52.1675333],[4.4796925,52.1675399],[4.4797017,52.1675611],[4.4796726,52.1675666],[4.4796819,52.1675882],[4.4796454,52.1675951],[4.4796631,52.1676394],[4.4793741,52.1679743],[4.4790519,52.167864]]]}},{"type":"Feature","properties":{"name":"Roomburgerpark","osmRef":"way/692394086"},"geometry":{"type":"Polygon","coordinates":[[[4.5054469,52.1487937],[4.5065444,52.1492095],[4.5072792,52.1495011],[4.5087007,52.1500735],[4.5088103,52.1499985],[4.508479,52.1498588],[4.5094344,52.1492077],[4.5093632,52.1491267],[4.5089262,52.1488323],[4.508353,52.148498],[4.5078448,52.1481924],[4.5072789,52.1486258],[4.5061771,52.1481153],[4.5059131,52.1481259],[4.5054469,52.1487937]]]}},{"type":"Feature","properties":{"name":"Morspark","osmRef":"way/693367127"},"geometry":{"type":"Polygon","coordinates":[[[4.46001,52.1580198],[4.4600604,52.1580999],[4.4608266,52.1585116],[4.4609525,52.1585773],[4.4610327,52.1586191],[4.4610774,52.1586341],[4.4612693,52.1587348],[4.4615784,52.1589132],[4.4616067,52.1589295],[4.4623931,52.1593498],[4.4625179,52.159263],[4.4627958,52.1590676],[4.463204,52.1587777],[4.4635346,52.1585428],[4.4638739,52.1583034],[4.4645181,52.1578507],[4.4645595,52.157809],[4.46359,52.1572927],[4.4635421,52.1572983],[4.4629844,52.1576874],[4.4625788,52.1579752],[4.4625887,52.1579812],[4.4625572,52.1580059],[4.4621474,52.1582936],[4.4619895,52.1584045],[4.4618871,52.1584772],[4.4615869,52.1583866],[4.4614799,52.1583299],[4.4609503,52.1580444],[4.4603967,52.1577476],[4.46001,52.1580198]]]}},{"type":"Feature","properties":{"name":"Bontekoepark","osmRef":"way/694250422"},"geometry":{"type":"Polygon","coordinates":[[[4.5076429,52.1595304],[4.507761,52.1598195],[4.5077874,52.1598763],[4.5079169,52.1598585],[4.508773,52.1597454],[4.5087133,52.1595713],[4.5087986,52.1595607],[4.5095516,52.1594676],[4.5095657,52.1594656],[4.5095773,52.1594641],[4.5096584,52.1594535],[4.5096493,52.1594259],[4.5101892,52.1593536],[4.5102674,52.159343],[4.5101858,52.1590865],[4.5101981,52.159056],[4.5101138,52.1590386],[4.5100635,52.159029],[4.5099791,52.1590074],[4.5096934,52.1590621],[4.5097178,52.1591136],[4.5096717,52.1591227],[4.5089516,52.1592795],[4.5088969,52.1592305],[4.5088235,52.1592421],[4.5088588,52.1593477],[4.50833,52.1594272],[4.5082759,52.1594353],[4.5076429,52.1595304]]]}},{"type":"Feature","properties":{"name":"Sportpark Noord","osmRef":"way/694691054"},"geometry":{"type":"Polygon","coordinates":[[[4.5021108,52.1703669],[4.5054995,52.1702244],[4.5066468,52.1701186],[4.5066023,52.1691757],[4.5053561,52.169197],[4.5030731,52.1692405],[4.5030854,52.1693425],[4.502036,52.1693477],[4.5021108,52.1703669]]]}},{"type":"Feature","properties":{"name":"Park Matilo","osmRef":"way/695511215"},"geometry":{"type":"Polygon","coordinates":[[[4.5150249,52.1503561],[4.5165463,52.1507239],[4.5173827,52.1509013],[4.5179888,52.1510672],[4.5185131,52.1511469],[4.5191787,52.15077],[4.5195836,52.1504881],[4.5199973,52.1502481],[4.520104,52.150116],[4.5197592,52.1499726],[4.5197323,52.1497887],[4.5195097,52.1496702],[4.5199442,52.1493164],[4.5199662,52.1492807],[4.5181697,52.1486004],[4.5174718,52.1483385],[4.5173326,52.1483285],[4.5171906,52.1483447],[4.5170679,52.148377],[4.5169367,52.1484267],[4.5151813,52.1495812],[4.5152808,52.149688],[4.5150249,52.1503561]]]}},{"type":"Feature","properties":{"name":"Buitenplaats Beresteijn","osmRef":"way/696005059"},"geometry":{"type":"Polygon","coordinates":[[[4.4548443,52.134002],[4.4585801,52.1322933],[4.4597764,52.1327479],[4.4599505,52.1328138],[4.4595487,52.1331574],[4.4599434,52.1334198],[4.456662,52.1353408],[4.4548443,52.134002]]]}},{"type":"Feature","properties":{"name":"Park Adegeest","osmRef":"way/696045311"},"geometry":{"type":"Polygon","coordinates":[[[4.4475704,52.1320657],[4.4479746,52.1317892],[4.4480467,52.1318284],[4.44834,52.1320127],[4.4484254,52.1320628],[4.4485525,52.1321231],[4.4486357,52.1320837],[4.4487199,52.1320355],[4.4488556,52.1319116],[4.4490355,52.1317855],[4.4490608,52.1317731],[4.4491262,52.1317081],[4.4491526,52.1316651],[4.4491472,52.1316215],[4.4491192,52.1315859],[4.449086,52.131573],[4.4485954,52.1313689],[4.4486679,52.1313201],[4.4487272,52.1312802],[4.4489318,52.1311391],[4.4490882,52.1310283],[4.4491491,52.1309817],[4.4491901,52.1310091],[4.4492191,52.1309908],[4.4492325,52.1309823],[4.4497296,52.1312831],[4.4501293,52.1315767],[4.4502419,52.1316594],[4.4502778,52.1316857],[4.451091,52.1322519],[4.4512169,52.1323278],[4.4511645,52.1323651],[4.4512305,52.1324071],[4.4498736,52.133285],[4.4498287,52.1332545],[4.4497973,52.1332331],[4.4497392,52.1332658],[4.4495859,52.133181],[4.4475704,52.1320657]]]}},{"type":"Feature","properties":{"name":"Buitenplaats Bijdorp","osmRef":"way/697138603"},"geometry":{"type":"Polygon","coordinates":[[[4.4416359,52.1215592],[4.4416381,52.121544],[4.4416621,52.1215292],[4.4420636,52.1212815],[4.4425656,52.1209729],[4.4435181,52.1202651],[4.4441326,52.1197735],[4.4442085,52.1197771],[4.4446679,52.1200833],[4.4447829,52.1200884],[4.44587,52.1195034],[4.4466257,52.1197206],[4.446858,52.1198781],[4.4509719,52.1176594],[4.4515791,52.1182791],[4.4477715,52.1203947],[4.4467698,52.1209388],[4.4466244,52.1209798],[4.4461555,52.1212753],[4.445456,52.1216746],[4.444982,52.1219317],[4.4445498,52.1221797],[4.4445913,52.1222354],[4.4447897,52.1223855],[4.4436414,52.1229558],[4.4434887,52.1228336],[4.4432825,52.1229238],[4.4416359,52.1215592]]]}},{"type":"Feature","properties":{"name":"Park Loetherveld","osmRef":"way/697988149"},"geometry":{"type":"Polygon","coordinates":[[[4.4974113,52.1188319],[4.4972701,52.119179],[4.4971699,52.1193585],[4.4967944,52.1197735],[4.496651,52.1199881],[4.4966793,52.1199947],[4.4974455,52.1201741],[4.4976971,52.1198855],[4.4977115,52.1198472],[4.4980127,52.1195649],[4.4983903,52.1190901],[4.4983978,52.1189455],[4.4974113,52.1188319]]]}},{"type":"Feature","properties":{"name":"Drijflanen","osmRef":"way/705918992"},"geometry":{"type":"Polygon","coordinates":[[[5.0228371,51.5785719],[5.022586,51.5784195],[5.0224594,51.5783384],[5.0221299,51.5779263],[5.0216457,51.5769349],[5.0213624,51.576127],[5.0209927,51.5750844],[5.020199,51.5729615],[5.0213041,51.5726194],[5.0222364,51.5738656],[5.0231847,51.5735984],[5.0221922,51.5722834],[5.0253392,51.5713396],[5.0258607,51.5721498],[5.0275257,51.5715705],[5.0281621,51.5726526],[5.0285583,51.5725658],[5.0290531,51.5741391],[5.02839,51.5742245],[5.0289576,51.5760612],[5.028815,51.5760899],[5.0289227,51.5762188],[5.027304,51.5768197],[5.0259161,51.5772446],[5.0238672,51.5780152],[5.0233991,51.5783354],[5.0228371,51.5785719]]]}},{"type":"Feature","properties":{"name":"Nieuwe Driemanspolder","osmRef":"way/707138648"},"geometry":{"type":"Polygon","coordinates":[[[4.4222933,52.0578629],[4.4206719,52.0620677],[4.420504,52.0634348],[4.4170295,52.066297],[4.4118931,52.0718483],[4.413115,52.0724498],[4.4135623,52.0725272],[4.4142427,52.0718519],[4.4147885,52.0719733],[4.4150382,52.0717402],[4.4165199,52.0722051],[4.4165626,52.0721709],[4.4176665,52.0725041],[4.4180625,52.0724053],[4.4182065,52.0724587],[4.4182847,52.0724512],[4.4187552,52.072614],[4.4188949,52.0725922],[4.4201131,52.0729846],[4.4203563,52.0727773],[4.4209166,52.0729775],[4.4218402,52.0732369],[4.4223165,52.0732987],[4.4229376,52.0735248],[4.4231301,52.073369],[4.4245691,52.0739261],[4.4250063,52.0734682],[4.4260653,52.0738326],[4.426121,52.0738349],[4.4265184,52.0737974],[4.427805,52.0742683],[4.4281068,52.0739813],[4.4292989,52.0743205],[4.4290178,52.0746084],[4.4302034,52.0750518],[4.430385,52.0748612],[4.4305488,52.0749084],[4.4306516,52.0748948],[4.4309179,52.0746361],[4.4317858,52.074847],[4.4319827,52.0748096],[4.4323044,52.0748626],[4.4321991,52.0750365],[4.432399,52.075081],[4.4319281,52.0756301],[4.4345918,52.0760856],[4.4347212,52.0760814],[4.4348238,52.0760475],[4.4398663,52.0713367],[4.4385777,52.0707871],[4.4392664,52.0704563],[4.4418697,52.0691689],[4.4459421,52.0672106],[4.4477987,52.0662926],[4.4474506,52.0659882],[4.4474187,52.0659562],[4.4490778,52.0651579],[4.4495171,52.0654647],[4.4511262,52.064655],[4.4520519,52.0641842],[4.4514603,52.0636778],[4.4511081,52.063312],[4.4509084,52.0630841],[4.4491017,52.0621799],[4.4479218,52.0615986],[4.4427492,52.0598488],[4.440873,52.0592559],[4.4393033,52.0588397],[4.4377054,52.058518],[4.4372509,52.058454],[4.4355658,52.0582065],[4.4333913,52.057927],[4.4309795,52.0577401],[4.4277395,52.0576155],[4.4235123,52.0577508],[4.4222933,52.0578629]]]}},{"type":"Feature","properties":{"name":"Hoogschoor","osmRef":"way/723515604"},"geometry":{"type":"Polygon","coordinates":[[[4.9677196,51.5592051],[4.9665218,51.5579876],[4.9666477,51.5576003],[4.967379,51.5573199],[4.9670174,51.5569764],[4.9659056,51.5575296],[4.96554,51.557309],[4.9660207,51.5567348],[4.9665434,51.5563323],[4.9657607,51.5553404],[4.9690325,51.5543098],[4.9706332,51.5556975],[4.9712494,51.5554735],[4.9722014,51.5565723],[4.9713157,51.5569049],[4.9726673,51.5585214],[4.9717978,51.558811],[4.9717139,51.5599342],[4.9704842,51.5600722],[4.9700455,51.5591394],[4.9706142,51.5589491],[4.9700373,51.5584204],[4.9677196,51.5592051]]]}},{"type":"Feature","properties":{"name":"Reeshofpark","osmRef":"way/762335021"},"geometry":{"type":"Polygon","coordinates":[[[4.9898059,51.5822485],[4.9890755,51.5834858],[4.9962459,51.5824865],[5.0000778,51.5811247],[5.0019836,51.5786494],[5.0019838,51.5785896],[5.001888,51.5784573],[5.0017834,51.57826],[4.9971021,51.5795852],[4.9953074,51.5792653],[4.996019,51.5815281],[4.9898059,51.5822485]]]}},{"type":"Feature","properties":{"name":"Landgoed Voorlei","osmRef":"way/767382524"},"geometry":{"type":"Polygon","coordinates":[[[4.408259,52.1038783],[4.4072757,52.1031656],[4.4072341,52.1031354],[4.4073505,52.1030574],[4.4074046,52.1030387],[4.407595,52.1029357],[4.4074139,52.1027803],[4.407366,52.1027497],[4.4067776,52.1023348],[4.4067633,52.1023246],[4.4063704,52.1020591],[4.4063511,52.1020438],[4.4063275,52.102027],[4.405537,52.1014843],[4.4054527,52.1014284],[4.4052797,52.1013166],[4.4057998,52.1010244],[4.4060135,52.100907],[4.4088903,52.0993007],[4.4094213,52.0990091],[4.4095866,52.0989168],[4.4097613,52.0988409],[4.4098127,52.0988342],[4.4098708,52.0988369],[4.4100243,52.0988995],[4.4100527,52.098893],[4.410052,52.098879],[4.4101033,52.0988549],[4.4108944,52.0984841],[4.410465,52.0980818],[4.4111432,52.0976512],[4.4116906,52.0973008],[4.4117472,52.0972643],[4.4126732,52.0966687],[4.4129646,52.0964905],[4.4132458,52.0963091],[4.4132514,52.0962896],[4.4137695,52.0966646],[4.4142441,52.0970706],[4.4147079,52.0975224],[4.415213,52.098003],[4.4152121,52.0980205],[4.4152018,52.0980355],[4.4152569,52.0981217],[4.415314,52.0981691],[4.4154212,52.0982067],[4.4155897,52.0983854],[4.4157232,52.0985196],[4.415796,52.0986053],[4.4158517,52.0986832],[4.415866,52.0987482],[4.4158771,52.098776],[4.4160233,52.0989984],[4.4162086,52.099285],[4.4163285,52.0994859],[4.4163718,52.099561],[4.416462,52.0997548],[4.416479,52.0997912],[4.416661,52.1002448],[4.4167451,52.1004527],[4.4168209,52.100621],[4.416357,52.100795],[4.4161126,52.1008761],[4.4159578,52.1009305],[4.4150325,52.1012554],[4.4149167,52.1012599],[4.414848,52.1012327],[4.414731,52.1011709],[4.4145346,52.1010358],[4.4142274,52.1008183],[4.4134156,52.1012212],[4.4129046,52.1014882],[4.4122261,52.1018475],[4.411364,52.102304],[4.4108737,52.1025672],[4.4108143,52.1025991],[4.4102817,52.102885],[4.4089199,52.1036002],[4.4085055,52.1038107],[4.4083845,52.1038809],[4.4083478,52.1038945],[4.408297,52.1038909],[4.408259,52.1038783]]]}},{"type":"Feature","properties":{"name":"Strausspark","osmRef":"way/810463064"},"geometry":{"type":"Polygon","coordinates":[[[4.4876632,52.2318846],[4.4870067,52.2316593],[4.4857541,52.2312006],[4.4846826,52.2307604],[4.4842902,52.2305963],[4.4841279,52.2303098],[4.4839544,52.2301492],[4.4836526,52.2298892],[4.4834998,52.2299423],[4.4829961,52.229955],[4.483088,52.2291805],[4.4841959,52.2298453],[4.4849731,52.2304877],[4.4856871,52.2308701],[4.4858786,52.2307338],[4.4871708,52.2314143],[4.4872444,52.2314016],[4.4880895,52.2308482],[4.488546,52.2314663],[4.490325,52.2324542],[4.4909947,52.2328655],[4.4913399,52.23304],[4.4911041,52.233174],[4.4910192,52.2331705],[4.4907306,52.2331047],[4.4903929,52.233144],[4.4891648,52.2325928],[4.4887121,52.232267],[4.4886404,52.232207],[4.4876632,52.2318846]]]}},{"type":"Feature","properties":{"name":"Park Oranjelaan","osmRef":"way/814290005"},"geometry":{"type":"Polygon","coordinates":[[[4.523037,52.1418895],[4.523907,52.1412413],[4.5251803,52.1419068],[4.525067,52.1419942],[4.5246803,52.1417793],[4.5241639,52.1421789],[4.5243415,52.1422616],[4.524077,52.1424533],[4.5239486,52.1423868],[4.5238929,52.14238],[4.5238415,52.1423737],[4.5236126,52.1421366],[4.5234731,52.1420403],[4.5232625,52.1419448],[4.523037,52.1418895]]]}},{"type":"Feature","properties":{"name":"De Groene Schans","osmRef":"way/817943448"},"geometry":{"type":"Polygon","coordinates":[[[4.5348624,52.1470106],[4.5363012,52.1458927],[4.5366238,52.1460494],[4.5367461,52.1461087],[4.5380712,52.1467523],[4.537181,52.147451],[4.5372259,52.1474828],[4.5365841,52.1480099],[4.5348624,52.1470106]]]}},{"type":"Feature","properties":{"name":"Park Agthoven","osmRef":"way/817943520"},"geometry":{"type":"Polygon","coordinates":[[[4.5464964,52.1410823],[4.5470188,52.1415313],[4.546423,52.1418391],[4.5468188,52.1421671],[4.5469982,52.1423113],[4.5471546,52.1424305],[4.5472376,52.1424027],[4.5475007,52.1425533],[4.5475251,52.142589],[4.5480278,52.1428412],[4.5493419,52.1435034],[4.5494798,52.1435092],[4.5499221,52.143528],[4.5498559,52.1433783],[4.549873,52.1432537],[4.5486963,52.1424419],[4.5487672,52.1422571],[4.5474652,52.1413032],[4.5469535,52.1408478],[4.5464964,52.1410823]]]}},{"type":"Feature","properties":{"name":"Baroniepark","osmRef":"way/823389311"},"geometry":{"type":"Polygon","coordinates":[[[5.0506231,51.5518231],[5.0506949,51.5518848],[5.0509164,51.5520753],[5.0509691,51.5520506],[5.0510354,51.5520195],[5.0515031,51.5518002],[5.0519992,51.551562],[5.0520556,51.5515349],[5.0526671,51.5512413],[5.052734,51.551202],[5.052734,51.5511703],[5.052685,51.5509909],[5.0527359,51.550863],[5.0528359,51.5507433],[5.0528877,51.5507237],[5.0529484,51.5507008],[5.0533886,51.5505345],[5.0535233,51.5504746],[5.0541849,51.5501803],[5.0542418,51.550155],[5.0543432,51.5501099],[5.0549234,51.5498128],[5.0553918,51.5494996],[5.0554652,51.5494505],[5.0546073,51.548972],[5.0529,51.5502143],[5.0511739,51.5514448],[5.0506231,51.5518231]]]}},{"type":"Feature","properties":{"name":"Jan David Zocherpark","osmRef":"way/883941162"},"geometry":{"type":"Polygon","coordinates":[[[4.4818798,52.1978534],[4.4818035,52.1985046],[4.4817123,52.1994825],[4.4816723,52.1998841],[4.4818584,52.1999704],[4.482889,52.2001899],[4.4833241,52.1987664],[4.4833086,52.1987105],[4.4832463,52.1986478],[4.483093,52.1985048],[4.4829774,52.1984789],[4.4828685,52.1984135],[4.4827863,52.1982937],[4.482861,52.1979943],[4.4818798,52.1978534]]]}},{"type":"Feature","properties":{"name":"Jan Wilspark","osmRef":"way/883941176"},"geometry":{"type":"Polygon","coordinates":[[[4.4818898,52.1976903],[4.4826697,52.1977993],[4.4830667,52.194426],[4.4828105,52.1944211],[4.4827614,52.1944423],[4.4825277,52.1945204],[4.482383,52.1945456],[4.4822404,52.1945806],[4.482263,52.1946327],[4.4818898,52.1976903]]]}},{"type":"Feature","properties":{"osmRef":"way/886504973"},"geometry":{"type":"Polygon","coordinates":[[[4.346472,52.0769145],[4.3463654,52.0768965],[4.3463568,52.0767802],[4.3463561,52.0767711],[4.3463555,52.0767623],[4.3463549,52.0767546],[4.3463449,52.0766192],[4.3467188,52.0766866],[4.346722,52.0766974],[4.3466068,52.0767971],[4.3466032,52.0768002],[4.3465951,52.0768066],[4.3465883,52.0768128],[4.3465852,52.0768154],[4.346472,52.0769145]]]}},{"type":"Feature","properties":{"name":"Park Oosthout","osmRef":"way/887627081"},"geometry":{"type":"Polygon","coordinates":[[[4.4867522,52.2185612],[4.4867545,52.2183812],[4.4868834,52.2178838],[4.486995,52.2176064],[4.4870702,52.2174203],[4.4873676,52.2172969],[4.4878077,52.2175256],[4.4877776,52.2175741],[4.4881469,52.2177579],[4.4881698,52.2177707],[4.4879509,52.2179201],[4.4884461,52.2181917],[4.4885103,52.2182487],[4.4879962,52.218733],[4.4867522,52.2185612]]]}},{"type":"Feature","properties":{"name":"Park Ter Wegen","osmRef":"way/895666343"},"geometry":{"type":"Polygon","coordinates":[[[4.5028173,52.2190855],[4.5033265,52.2193696],[4.5035084,52.2195419],[4.503701,52.2196726],[4.5037991,52.2197799],[4.5039295,52.2198237],[4.5050546,52.2190586],[4.5055516,52.2186089],[4.5055404,52.2186001],[4.5051802,52.2185883],[4.5049236,52.2185686],[4.5046172,52.218511],[4.504354,52.2184449],[4.5042278,52.2183959],[4.5041354,52.2183994],[4.5040944,52.2184232],[4.5035787,52.2187215],[4.5035167,52.2186881],[4.502948,52.2190112],[4.5028351,52.2190754],[4.5028173,52.2190855]]]}},{"type":"Feature","properties":{"osmRef":"way/895720655"},"geometry":{"type":"Polygon","coordinates":[[[4.5222603,52.2238569],[4.5221172,52.2237424],[4.5221223,52.2237043],[4.5228056,52.2234063],[4.5229083,52.2234084],[4.522989,52.2234311],[4.5230059,52.2234403],[4.5230227,52.2234981],[4.5222603,52.2238569]]]}},{"type":"Feature","properties":{"osmRef":"way/923973906"},"geometry":{"type":"Polygon","coordinates":[[[5.1538971,51.5864369],[5.1539676,51.5864244],[5.1539233,51.5863373],[5.1538569,51.5863505],[5.1538552,51.5863357],[5.1538619,51.5863238],[5.1538787,51.5863111],[5.1538985,51.5863034],[5.1541127,51.5862615],[5.1541399,51.5862613],[5.154161,51.5862663],[5.1541754,51.5862746],[5.1541882,51.5862875],[5.1542151,51.5863444],[5.1542294,51.5863688],[5.1542301,51.5863832],[5.1542244,51.5863973],[5.1542069,51.5864115],[5.1541815,51.5864198],[5.1539749,51.5864592],[5.1539551,51.5864613],[5.153931,51.5864571],[5.1539136,51.58645],[5.1538971,51.5864369]]]}},{"type":"Feature","properties":{"name":"Schrijverspark","osmRef":"way/924454046"},"geometry":{"type":"Polygon","coordinates":[[[4.4784641,52.1556931],[4.4784999,52.1556019],[4.4786344,52.1552139],[4.4786381,52.1552032],[4.4786453,52.1551823],[4.4779021,52.1550884],[4.4778604,52.1550751],[4.4775315,52.15497],[4.477505,52.1549615],[4.4774685,52.1549569],[4.4772743,52.1549322],[4.4772006,52.1551355],[4.4771111,52.1553822],[4.4763502,52.1552838],[4.476236,52.1555915],[4.4762664,52.1556268],[4.4763749,52.1556532],[4.4766287,52.1556872],[4.4783617,52.1559191],[4.4784223,52.1559157],[4.4785148,52.1556926],[4.4784641,52.1556931]]]}},{"type":"Feature","properties":{"name":"Jan Mulderveld","osmRef":"way/952986883"},"geometry":{"type":"Polygon","coordinates":[[[4.3554169,52.0790671],[4.3554564,52.0790742],[4.3558038,52.0789935],[4.3558484,52.0789298],[4.3562403,52.0785809],[4.3562558,52.0785649],[4.3562694,52.0784528],[4.356279,52.0783734],[4.3559289,52.078211],[4.3558363,52.078168],[4.3558278,52.0781643],[4.3557803,52.0781429],[4.3556849,52.0780951],[4.3556667,52.0780936],[4.3553721,52.0779642],[4.3553008,52.0779441],[4.355192,52.0779809],[4.3551173,52.077996],[4.3550538,52.0779888],[4.3549991,52.0779793],[4.3549081,52.0779492],[4.3548522,52.0779561],[4.3547966,52.0779857],[4.3547715,52.0780341],[4.3549004,52.0782362],[4.3549399,52.0782721],[4.3549703,52.0783524],[4.3552641,52.0788354],[4.3553218,52.0789315],[4.3554169,52.0790671]]]}},{"type":"Feature","properties":{"name":"Koningspark","osmRef":"way/954059503"},"geometry":{"type":"Polygon","coordinates":[[[4.4937219,52.1673223],[4.4937675,52.1673174],[4.4942149,52.1672689],[4.4943943,52.1676609],[4.4944518,52.1678101],[4.494342,52.1678388],[4.4942408,52.1677021],[4.4939251,52.1677893],[4.4939373,52.167815],[4.4937785,52.167851],[4.4937696,52.1678285],[4.493764,52.1678144],[4.4937125,52.1676485],[4.4937791,52.1676407],[4.4936845,52.1673269],[4.4937219,52.1673223]]]}},{"type":"Feature","properties":{"name":"Irispark","osmRef":"way/954087941"},"geometry":{"type":"Polygon","coordinates":[[[4.4718221,52.1860535],[4.4734255,52.1860673],[4.4734963,52.1845007],[4.4742322,52.1844557],[4.4743815,52.18557],[4.474392,52.1858896],[4.4744915,52.186071],[4.4747309,52.1870989],[4.47502,52.1870667],[4.4750766,52.1874902],[4.4752525,52.1874819],[4.4753861,52.1880718],[4.4756646,52.1880462],[4.4757656,52.1885148],[4.4759244,52.1885048],[4.4760649,52.1891354],[4.4753855,52.1892936],[4.4753464,52.1892405],[4.4753811,52.188895],[4.4749694,52.1883078],[4.474783,52.1883503],[4.474627,52.1880979],[4.4745056,52.1881245],[4.4741676,52.1875877],[4.4737341,52.1876728],[4.473234,52.1869747],[4.4726242,52.1871285],[4.4725242,52.1869918],[4.4724325,52.1869802],[4.4717153,52.187154],[4.4716781,52.1871391],[4.471727,52.1861133],[4.4718221,52.1860535]]]}},{"type":"Feature","properties":{"name":"Klein Zijdepark","osmRef":"way/954425287"},"geometry":{"type":"Polygon","coordinates":[[[4.3796044,52.0944666],[4.3798459,52.0942607],[4.3798701,52.0942383],[4.3807917,52.0934461],[4.3807654,52.0934345],[4.380733,52.0934201],[4.3805188,52.0933245],[4.3803515,52.0933051],[4.3803317,52.0933203],[4.3800755,52.0932072],[4.3800404,52.0931923],[4.3799354,52.0931478],[4.3797188,52.0933331],[4.3782671,52.0928355],[4.3777896,52.0928042],[4.3774114,52.0928618],[4.3771513,52.0930036],[4.3768535,52.0932458],[4.3796044,52.0944666]]]}},{"type":"Feature","properties":{"name":"Lakenpark","osmRef":"way/967389841"},"geometry":{"type":"Polygon","coordinates":[[[4.502674,52.1586421],[4.5032134,52.1585649],[4.5032888,52.1585556],[4.5032992,52.1585432],[4.5033004,52.1585335],[4.5036887,52.1584839],[4.5039275,52.1584619],[4.5041666,52.1584327],[4.5040816,52.1584003],[4.5039722,52.1584063],[4.5038922,52.158384],[4.5038003,52.1581126],[4.5036853,52.1577728],[4.5037989,52.1576143],[4.5037814,52.157617],[4.5033858,52.1576762],[4.5030295,52.157715],[4.5030084,52.1576761],[4.5028867,52.1573548],[4.5027386,52.157374],[4.5027406,52.1573798],[4.5023351,52.1574409],[4.5022514,52.1574014],[4.5020366,52.156733],[4.5017851,52.1567626],[4.5017698,52.1567896],[4.5017916,52.1568671],[4.5018589,52.1568589],[4.5020242,52.1573573],[4.501947,52.1573669],[4.5019698,52.1574352],[4.5021807,52.1574099],[4.5022601,52.1574522],[4.502674,52.1586421]]]}},{"type":"Feature","properties":{"name":"Oud-Hortuszicht","osmRef":"way/967466743"},"geometry":{"type":"Polygon","coordinates":[[[4.4825131,52.1543531],[4.4826162,52.1542756],[4.4826498,52.154256],[4.4826942,52.15423],[4.4827887,52.1541865],[4.482846,52.1541394],[4.4828661,52.1541183],[4.4825056,52.1540683],[4.4825224,52.1540206],[4.4824601,52.153972],[4.4824522,52.1539127],[4.4820621,52.1538491],[4.4820274,52.1537859],[4.4820713,52.1536356],[4.4819956,52.1536042],[4.4819319,52.1537602],[4.4818401,52.1539393],[4.4818326,52.1541872],[4.4817222,52.1543954],[4.482035,52.1544592],[4.4821573,52.154252],[4.4825131,52.1543531]]]}},{"type":"Feature","properties":{"osmRef":"way/968965179"},"geometry":{"type":"Polygon","coordinates":[[[4.5345872,52.1624571],[4.5347311,52.1623626],[4.5344007,52.1621699],[4.5343129,52.1622271],[4.5344088,52.1622814],[4.5343392,52.1623249],[4.5345872,52.1624571]]]}},{"type":"Feature","properties":{"name":"Mariënpark","osmRef":"way/975689247"},"geometry":{"type":"Polygon","coordinates":[[[4.3940559,52.0872819],[4.3941824,52.0871914],[4.394213,52.0871694],[4.3946517,52.0868547],[4.3946814,52.0868334],[4.3947024,52.0868183],[4.3945482,52.0867456],[4.3944959,52.0867599],[4.3944105,52.0867843],[4.3943381,52.0867979],[4.3942623,52.0867991],[4.3941453,52.0867525],[4.3937995,52.086554],[4.3935743,52.0864211],[4.3934463,52.0863411],[4.3933804,52.0862621],[4.3933669,52.0862237],[4.3933681,52.0861833],[4.3934111,52.0861118],[4.3935074,52.0860413],[4.3935531,52.0860428],[4.3935948,52.0860254],[4.3936211,52.0859972],[4.3936192,52.0859715],[4.3939369,52.0857733],[4.3939652,52.0857406],[4.3939342,52.0856965],[4.3940092,52.0856495],[4.3933931,52.085278],[4.3930805,52.0854636],[4.3921508,52.0860342],[4.3920665,52.086086],[4.3924209,52.0863078],[4.3925076,52.0864052],[4.3927736,52.0865592],[4.3927937,52.0865622],[4.3928234,52.086581],[4.3929258,52.0866579],[4.3929758,52.0866748],[4.3930185,52.0867036],[4.3929362,52.0867568],[4.3934024,52.0870283],[4.3935623,52.0870998],[4.393712,52.0871588],[4.3939342,52.0872364],[4.3939594,52.087246],[4.3940559,52.0872819]]]}},{"type":"Feature","properties":{"osmRef":"way/982011520"},"geometry":{"type":"Polygon","coordinates":[[[4.3767886,52.0775637],[4.3767846,52.0775027],[4.3767811,52.0774485],[4.3767761,52.0773708],[4.3767007,52.0773727],[4.3766729,52.0773733],[4.3764303,52.0773793],[4.3764329,52.0774198],[4.3764339,52.0774348],[4.3764405,52.0775368],[4.3764415,52.0775528],[4.3764428,52.0775722],[4.3766548,52.077567],[4.3766817,52.0775663],[4.3767886,52.0775637]]]}},{"type":"Feature","properties":{"name":"Leo van der Bijlpark","osmRef":"way/1043814185"},"geometry":{"type":"Polygon","coordinates":[[[4.448363,52.1187601],[4.4486499,52.1185979],[4.4483704,52.1184052],[4.4496339,52.117707],[4.449698,52.1177214],[4.4500139,52.1175389],[4.4493742,52.1171214],[4.4493366,52.1170728],[4.4493185,52.1170135],[4.4493279,52.1168093],[4.4493111,52.1167706],[4.4491093,52.1166351],[4.4495727,52.1164848],[4.4502043,52.1170802],[4.4505067,52.1172993],[4.4508521,52.1175933],[4.4504511,52.1178115],[4.4503974,52.1178527],[4.4503545,52.1179087],[4.4485594,52.1188903],[4.448363,52.1187601]]]}},{"type":"Feature","properties":{"name":"Stichting Groen en Geluk","osmRef":"way/1046978632"},"geometry":{"type":"Polygon","coordinates":[[[4.4593946,52.0966409],[4.4596706,52.096257],[4.4597866,52.0962628],[4.4597913,52.0962249],[4.4598362,52.0961693],[4.46003,52.0962142],[4.4605554,52.0963283],[4.4601739,52.0968292],[4.4593946,52.0966409]]]}},{"type":"Feature","properties":{"name":"De Polder","osmRef":"way/1056194863"},"geometry":{"type":"Polygon","coordinates":[[[4.5604504,52.1608472],[4.5611333,52.1612685],[4.5612751,52.161292],[4.5615767,52.1611226],[4.5618763,52.1610531],[4.5619304,52.1610405],[4.5619643,52.1610069],[4.5617917,52.1609421],[4.5617096,52.1609219],[4.561505,52.1609861],[4.561354,52.1609919],[4.561339,52.1609415],[4.5614267,52.1608455],[4.5614238,52.1607396],[4.5611994,52.1605909],[4.5608268,52.1608166],[4.5606259,52.1607853],[4.5604504,52.1608472]]]}},{"type":"Feature","properties":{"name":"Park Sonnenburgh","osmRef":"way/1064908254"},"geometry":{"type":"Polygon","coordinates":[[[4.3573129,52.0665514],[4.3575771,52.0664638],[4.357687,52.0663757],[4.3577956,52.0663284],[4.3581422,52.066096],[4.3581779,52.0660753],[4.3586249,52.0657835],[4.3581808,52.0654988],[4.3582126,52.0654783],[4.3585921,52.0652459],[4.3591006,52.0649344],[4.3586119,52.0646619],[4.3585834,52.0646458],[4.3583357,52.0645231],[4.3579526,52.0648041],[4.3579289,52.0647922],[4.3578655,52.0647604],[4.3577216,52.0648744],[4.3575964,52.0649545],[4.3574607,52.0650127],[4.3572986,52.0650517],[4.3570715,52.065061],[4.3566293,52.0649911],[4.3566013,52.0649867],[4.3565557,52.0649795],[4.356354,52.0649476],[4.3562555,52.0651888],[4.3562996,52.0652126],[4.3563363,52.0652325],[4.3565826,52.0653655],[4.3566296,52.0653909],[4.3566538,52.065404],[4.3567403,52.0654507],[4.3565199,52.0656036],[4.3564314,52.0655543],[4.3564042,52.0655391],[4.3563762,52.0655267],[4.3562799,52.0655151],[4.3562463,52.0655046],[4.3558647,52.0652955],[4.355835,52.0653145],[4.3561765,52.0655019],[4.3560321,52.0656089],[4.3563831,52.0657884],[4.3561831,52.0659362],[4.3562347,52.0659621],[4.356162,52.0660157],[4.3561088,52.0659868],[4.3560365,52.0660392],[4.3563426,52.066227],[4.3563732,52.0662458],[4.3565374,52.0663465],[4.3566007,52.0663832],[4.3566878,52.0664336],[4.3570114,52.066621],[4.3571265,52.0665501],[4.3573129,52.0665514]]]}},{"type":"Feature","properties":{"name":"Noteboompark","osmRef":"way/1066224977"},"geometry":{"type":"Polygon","coordinates":[[[4.3626498,52.0754407],[4.3638622,52.0760359],[4.3649787,52.0750863],[4.3650333,52.0750579],[4.3650772,52.0750492],[4.365147,52.0750443],[4.3652221,52.0750525],[4.3653508,52.0750871],[4.3662943,52.0742581],[4.3659302,52.0740123],[4.3658641,52.0738898],[4.3657173,52.0736425],[4.3654882,52.0734859],[4.3652978,52.0733864],[4.3626498,52.0754407]]]}},{"type":"Feature","properties":{"name":"Boerenbos","osmRef":"way/1066224978"},"geometry":{"type":"Polygon","coordinates":[[[4.3658757,52.0738431],[4.3659646,52.073869],[4.3660753,52.0738004],[4.366254,52.0736559],[4.3665598,52.0733864],[4.3661821,52.0732001],[4.3661483,52.0731835],[4.3656747,52.0729516],[4.365315,52.0732228],[4.3653729,52.0733771],[4.3654691,52.0734057],[4.3655687,52.0734236],[4.3656911,52.0734842],[4.3657888,52.0735499],[4.3658216,52.0736482],[4.3658757,52.0738431]]]}},{"type":"Feature","properties":{"name":"Juliana-Bernhardpark","osmRef":"way/1066384984"},"geometry":{"type":"Polygon","coordinates":[[[4.3666759,52.0732979],[4.3671695,52.0729157],[4.3671852,52.0729039],[4.367199,52.0728936],[4.3675916,52.072592],[4.3676182,52.0726027],[4.3678889,52.0723982],[4.3676094,52.0722638],[4.3675922,52.0722555],[4.3675707,52.0722459],[4.3671388,52.0720393],[4.3671305,52.0720347],[4.3671149,52.072028],[4.3669105,52.07193],[4.3663215,52.0723716],[4.3662959,52.0723907],[4.3657117,52.0728277],[4.3662521,52.0730924],[4.3662849,52.073111],[4.3666759,52.0732979]]]}},{"type":"Feature","properties":{"name":"Blekerspark","osmRef":"way/1104142767"},"geometry":{"type":"Polygon","coordinates":[[[4.502513,52.1626481],[4.5024292,52.162669],[4.5023186,52.1626911],[4.5023039,52.1626944],[4.5020301,52.1627551],[4.5018947,52.1627852],[4.5016931,52.1628163],[4.5015351,52.1628479],[4.5016145,52.1630172],[4.5010134,52.1631082],[4.5010521,52.1632247],[4.5018857,52.163062],[4.501931,52.1630816],[4.5028197,52.1630336],[4.5032003,52.1630102],[4.5032842,52.1629906],[4.5033303,52.1629969],[4.5033563,52.1629933],[4.503371,52.1629735],[4.503373,52.1629464],[4.503417,52.1629185],[4.5034517,52.1628733],[4.5034831,52.1627806],[4.5034843,52.1627178],[4.5034426,52.162611],[4.5034368,52.1625205],[4.5034328,52.1625128],[4.5034191,52.1624926],[4.5034019,52.1624644],[4.5033435,52.1624494],[4.5032134,52.1624811],[4.5031292,52.1625016],[4.5030531,52.1625202],[4.502672,52.1626105],[4.5026049,52.1626263],[4.502513,52.1626481]]]}},{"type":"Feature","properties":{"osmRef":"way/1109071037"},"geometry":{"type":"Polygon","coordinates":[[[4.4805154,52.1641908],[4.4807803,52.1643863],[4.4805718,52.1644891],[4.4804491,52.1645442],[4.4803236,52.1644778],[4.4802273,52.1644215],[4.4803454,52.1643552],[4.4803269,52.1642598],[4.4804332,52.1642409],[4.4804771,52.1642193],[4.4805154,52.1641908]]]}},{"type":"Feature","properties":{"name":"Bleukbos","osmRef":"way/1137884372"},"geometry":{"type":"Polygon","coordinates":[[[4.9693059,51.5689744],[4.9690988,51.5686645],[4.9686773,51.5678164],[4.9680797,51.567017],[4.9676706,51.5665637],[4.9677921,51.5665599],[4.9695766,51.566716],[4.9697467,51.5659229],[4.9756763,51.5665144],[4.9761315,51.5651271],[4.9764156,51.5651537],[4.9755612,51.567612],[4.9756002,51.5676993],[4.9750615,51.5678089],[4.9745855,51.5679436],[4.9721448,51.5684409],[4.9693059,51.5689744]]]}},{"type":"Feature","properties":{"name":"De Blaak","osmRef":"way/1137884654"},"geometry":{"type":"Polygon","coordinates":[[[5.0414635,51.5496456],[5.0415316,51.5496633],[5.042388,51.5496731],[5.0423183,51.5490983],[5.0417358,51.5490471],[5.0414572,51.54905],[5.0414604,51.5491741],[5.0414192,51.5491741],[5.0414635,51.5496456]]]}},{"type":"Feature","properties":{"name":"De Blaak","osmRef":"way/1137884655"},"geometry":{"type":"Polygon","coordinates":[[[5.0348401,51.5495462],[5.0347769,51.5492892],[5.0347326,51.5491121],[5.0348212,51.5488709],[5.0349605,51.5488512],[5.0360766,51.5489575],[5.0372369,51.5490444],[5.0380965,51.5490392],[5.0384701,51.5485372],[5.0401037,51.5488975],[5.0399692,51.5490609],[5.0408841,51.5493414],[5.0409174,51.5495521],[5.0410488,51.5495491],[5.0410947,51.5495068],[5.0410868,51.5491367],[5.0412403,51.5491367],[5.0412277,51.5496357],[5.0405201,51.5496357],[5.0383118,51.5496131],[5.0348401,51.5495462]]]}},{"type":"Feature","properties":{"osmRef":"way/1162442985"},"geometry":{"type":"Polygon","coordinates":[[[4.3920891,52.0846384],[4.3918287,52.0846273],[4.3916173,52.0845091],[4.3904541,52.0839796],[4.3904642,52.0839637],[4.3904451,52.0839369],[4.3904106,52.0839304],[4.3903771,52.0839433],[4.3902329,52.0838739],[4.390201,52.0838793],[4.3899583,52.0840694],[4.3898279,52.084011],[4.3897736,52.0839866],[4.3898543,52.0839206],[4.3898295,52.0838702],[4.3897474,52.0837463],[4.3896682,52.083735],[4.388975,52.0835079],[4.3890447,52.083463],[4.3890951,52.0834496],[4.3892458,52.083324],[4.3899925,52.0836499],[4.3900186,52.0836605],[4.3900459,52.0836717],[4.3904149,52.0833538],[4.3906451,52.0833506],[4.3906553,52.0833545],[4.3904812,52.0834749],[4.3904073,52.083529],[4.3911288,52.0838854],[4.3909357,52.0840233],[4.3921426,52.0846083],[4.3920891,52.0846384]]]}},{"type":"Feature","properties":{"osmRef":"way/1165050451"},"geometry":{"type":"Polygon","coordinates":[[[4.4597911,52.1376814],[4.4605572,52.138366],[4.4606651,52.1384678],[4.4608055,52.1386031],[4.4608659,52.1385777],[4.4618407,52.138134],[4.4619179,52.1380946],[4.4628123,52.137664],[4.4626786,52.1375672],[4.4625986,52.1375627],[4.4623205,52.137398],[4.4626981,52.1371772],[4.4622224,52.1369146],[4.4620703,52.1369564],[4.4619058,52.1369016],[4.4616169,52.1367326],[4.4614099,52.136822],[4.461096,52.1369021],[4.4610528,52.1369212],[4.4606841,52.1370841],[4.4597911,52.1376814]]]}},{"type":"Feature","properties":{"osmRef":"way/1173693960"},"geometry":{"type":"Polygon","coordinates":[[[4.4791875,52.1629573],[4.4792014,52.1629708],[4.4796279,52.1630007],[4.4798681,52.1628843],[4.4799009,52.1628682],[4.4799489,52.1625645],[4.4793108,52.162512],[4.4792876,52.1625241],[4.4791875,52.1629573]]]}},{"type":"Feature","properties":{"osmRef":"way/1173699237"},"geometry":{"type":"Polygon","coordinates":[[[4.477959,52.1622911],[4.4780287,52.1619332],[4.4773702,52.1618678],[4.477334,52.1620487],[4.4774621,52.1622491],[4.4778166,52.1622791],[4.477959,52.1622911]]]}},{"type":"Feature","properties":{"osmRef":"way/1184613947"},"geometry":{"type":"Polygon","coordinates":[[[4.4558536,52.1806303],[4.4552414,52.1805838],[4.4551959,52.1806407],[4.4548983,52.1808868],[4.4548582,52.1809636],[4.4560161,52.1809651],[4.4564451,52.1809808],[4.4564491,52.1810264],[4.4564521,52.1810496],[4.4575828,52.1810419],[4.4576232,52.1810334],[4.4575647,52.1808743],[4.4575419,52.1808554],[4.4574668,52.180848],[4.457267,52.1808546],[4.4567279,52.1808604],[4.4558132,52.1808254],[4.4558209,52.1807898],[4.4558341,52.1807359],[4.4558446,52.1806894],[4.4558536,52.1806303]]]}},{"type":"Feature","properties":{"osmRef":"way/1194060684"},"geometry":{"type":"Polygon","coordinates":[[[4.4526442,52.1793924],[4.4526493,52.1793795],[4.45306,52.1794138],[4.453069,52.1794338],[4.452999,52.1797267],[4.4529862,52.1797296],[4.4526442,52.1793924]]]}},{"type":"Feature","properties":{"osmRef":"way/1257544868"},"geometry":{"type":"Polygon","coordinates":[[[4.4643587,52.1483974],[4.4643908,52.1482671],[4.4648117,52.1482982],[4.4648097,52.1483047],[4.4649005,52.1483115],[4.4650531,52.1483229],[4.4652224,52.1483356],[4.4651835,52.1484874],[4.4643587,52.1483974]]]}},{"type":"Feature","properties":{"osmRef":"way/1257544869"},"geometry":{"type":"Polygon","coordinates":[[[4.4645342,52.1474848],[4.4647273,52.1474996],[4.4647294,52.1474877],[4.4648969,52.1474995],[4.4650143,52.147506],[4.4650131,52.1475204],[4.4650918,52.1475241],[4.4652434,52.1475312],[4.4653247,52.1475343],[4.4653136,52.147653],[4.4649122,52.147638],[4.4645141,52.1476234],[4.4644889,52.147622],[4.4645071,52.1474828],[4.4645342,52.1474848]]]}},{"type":"Feature","properties":{"osmRef":"way/1259793299"},"geometry":{"type":"Polygon","coordinates":[[[4.4790666,52.1384048],[4.4788873,52.1383502],[4.4787723,52.1383014],[4.4786549,52.1382743],[4.4785293,52.1382735],[4.4783681,52.1382226],[4.4788528,52.1376736],[4.4789835,52.1375617],[4.479138,52.1376108],[4.4796535,52.1377747],[4.4790666,52.1384048]]]}},{"type":"Feature","properties":{"osmRef":"way/1259793485"},"geometry":{"type":"Polygon","coordinates":[[[4.4790289,52.1384359],[4.478784,52.138724],[4.47834,52.1385832],[4.4782762,52.1384845],[4.4781667,52.1384507],[4.4783449,52.1382466],[4.4785749,52.1383075],[4.4787208,52.1383248],[4.4790289,52.1384359]]]}},{"type":"Feature","properties":{"name":"Max van der Stoelpark","osmRef":"way/1286838499"},"geometry":{"type":"Polygon","coordinates":[[[4.4440556,52.1185996],[4.4447918,52.118192],[4.4447905,52.1180676],[4.4445142,52.1178881],[4.4441709,52.1180915],[4.4441092,52.1181467],[4.4440958,52.1181771],[4.4440556,52.1185996]]]}},{"type":"Feature","properties":{"name":"Korte Vlietpark","osmRef":"way/1298857667"},"geometry":{"type":"Polygon","coordinates":[[[4.467299,52.1375336],[4.4680125,52.1376349],[4.4679266,52.1380934],[4.4680514,52.1384399],[4.468046,52.1385197],[4.4679494,52.1387387],[4.4676611,52.1388054],[4.4675377,52.1395852],[4.4674473,52.1396469],[4.4674018,52.1397467],[4.4674147,52.1398093],[4.4674411,52.1398619],[4.4674989,52.139919],[4.4675702,52.1399622],[4.4674955,52.1404564],[4.4673842,52.140498],[4.4672972,52.1405486],[4.4672466,52.1406097],[4.4672242,52.1406807],[4.4672409,52.1407753],[4.4672878,52.1408251],[4.467266,52.1409275],[4.4671396,52.1417169],[4.4670914,52.1417188],[4.4670265,52.1421788],[4.4669789,52.1425326],[4.4678561,52.1425802],[4.4678112,52.1428834],[4.467026,52.1428191],[4.4669048,52.1434936],[4.4670317,52.1435013],[4.466921,52.1442118],[4.4671749,52.1442263],[4.4672639,52.1443158],[4.4672084,52.1446798],[4.4671338,52.1446803],[4.4670644,52.1450981],[4.4667068,52.1450815],[4.4666216,52.1456523],[4.466534,52.1459356],[4.4667146,52.1460856],[4.4677343,52.146212],[4.46777,52.1462667],[4.4680675,52.1462973],[4.4680189,52.1464695],[4.466239,52.1463468],[4.4663499,52.1456637],[4.4664638,52.1448954],[4.4665324,52.1442284],[4.4667099,52.1426354],[4.4667443,52.1423491],[4.4669108,52.1408932],[4.467299,52.1375336]]]}},{"type":"Feature","properties":{"osmRef":"way/1339447416"},"geometry":{"type":"Polygon","coordinates":[[[5.1458723,51.585103],[5.1459464,51.5851128],[5.1460104,51.5850514],[5.1460249,51.5850576],[5.1460963,51.5849916],[5.1459682,51.5849391],[5.1458314,51.584892],[5.1458522,51.5849614],[5.1458723,51.585103]]]}},{"type":"Feature","properties":{"osmRef":"way/1339447417"},"geometry":{"type":"Polygon","coordinates":[[[5.1458783,51.5851917],[5.1460036,51.5851343],[5.1458742,51.5851175],[5.1458782,51.5851566],[5.1458783,51.5851917]]]}},{"type":"Feature","properties":{"osmRef":"way/1339447418"},"geometry":{"type":"Polygon","coordinates":[[[5.1455471,51.5855486],[5.1457094,51.5856378],[5.1457201,51.5856297],[5.1459528,51.5854101],[5.145936,51.5854038],[5.1461979,51.5851624],[5.1460312,51.5851378],[5.1458743,51.5852095],[5.1458532,51.5852691],[5.1458203,51.585323],[5.1457697,51.5853832],[5.1457275,51.585423],[5.1456812,51.5854584],[5.1455471,51.5855486]]]}},{"type":"Feature","properties":{"osmRef":"way/1339447419"},"geometry":{"type":"Polygon","coordinates":[[[5.1451961,51.5854997],[5.1453107,51.5854851],[5.1453551,51.5854855],[5.1454009,51.5854934],[5.1454686,51.5855163],[5.1455273,51.5855415],[5.1456162,51.585479],[5.1456494,51.5854595],[5.1456856,51.5854338],[5.1457462,51.5853791],[5.1458022,51.5853103],[5.1458361,51.585248],[5.1458535,51.5851951],[5.1458559,51.5851601],[5.1458314,51.5849655],[5.1458203,51.5849305],[5.1457442,51.5850009],[5.1451961,51.5854997]]]}},{"type":"Feature","properties":{"name":"Vlietland","osmRef":"way/1365408586"},"geometry":{"type":"Polygon","coordinates":[[[4.4693273,52.1183089],[4.4706738,52.1192674],[4.4726345,52.1206014],[4.4737369,52.1214133],[4.4740185,52.1217361],[4.4741204,52.1219733],[4.4741473,52.1221849],[4.4740842,52.1225538],[4.4690403,52.1276824],[4.4676188,52.1290944],[4.4670099,52.1288532],[4.4667967,52.128924],[4.4666009,52.1288186],[4.4664305,52.1286737],[4.4665647,52.1284308],[4.4660684,52.1278899],[4.4664802,52.1273218],[4.4651867,52.1265615],[4.4648957,52.1268365],[4.4647917,52.1267817],[4.464433,52.1269616],[4.4632709,52.1260934],[4.4632159,52.1260267],[4.4632173,52.1257871],[4.4628793,52.125606],[4.4625172,52.1255204],[4.46151,52.1249383],[4.4605317,52.1241742],[4.4603312,52.1240404],[4.4603802,52.1240087],[4.4585261,52.1227588],[4.4583564,52.1226587],[4.4582465,52.1226204],[4.4576691,52.1222071],[4.4564044,52.1211852],[4.455121,52.120277],[4.4534996,52.1191793],[4.4527285,52.1186268],[4.4520834,52.1180726],[4.4514263,52.1174302],[4.4510186,52.1170366],[4.4509327,52.1169477],[4.4509032,52.1167937],[4.4509321,52.1164359],[4.4509555,52.1163309],[4.4508751,52.1161859],[4.4504862,52.115784],[4.4504124,52.1157322],[4.4502836,52.1156794],[4.4495152,52.1155502],[4.4493462,52.1154933],[4.4492443,52.1154382],[4.4491383,52.1153443],[4.4484369,52.114678],[4.4483377,52.1145508],[4.4483344,52.1145224],[4.44827,52.1144841],[4.4477731,52.1139525],[4.447529,52.1137334],[4.4470409,52.1133974],[4.4465581,52.1131371],[4.4442192,52.1117239],[4.4433233,52.1112972],[4.4415477,52.1106202],[4.4412178,52.1104505],[4.4417837,52.1099448],[4.4399598,52.1091179],[4.4398606,52.109197],[4.4388641,52.1087341],[4.4384108,52.1084153],[4.4381473,52.108183],[4.4378308,52.1079368],[4.4376685,52.1078194],[4.4376525,52.107765],[4.4378637,52.1075356],[4.4376934,52.1074475],[4.4364408,52.1069385],[4.4360451,52.107291],[4.4360089,52.1072094],[4.4360264,52.1071188],[4.43597,52.1068124],[4.4358587,52.1067128],[4.4361833,52.1063874],[4.4358721,52.1062194],[4.4371113,52.1050126],[4.4412768,52.1011187],[4.4415101,52.100879],[4.4416952,52.1007521],[4.4488084,52.1035628],[4.4480628,52.1043092],[4.4487092,52.1045579],[4.4502568,52.1049681],[4.450871,52.1043265],[4.4512197,52.1044377],[4.4514745,52.104562],[4.453513,52.1059253],[4.4551679,52.1069154],[4.4563562,52.1078659],[4.4623965,52.1125969],[4.4693273,52.1183089]]]}},{"type":"Feature","properties":{"osmRef":"way/1383232867"},"geometry":{"type":"Polygon","coordinates":[[[4.4614447,52.1657443],[4.4622315,52.165675],[4.4622394,52.1657088],[4.4624216,52.1656927],[4.4623677,52.1654628],[4.4618862,52.1655053],[4.461899,52.1655599],[4.4614115,52.1656028],[4.4614447,52.1657443]]]}},{"type":"Feature","properties":{"name":"Bleijkse Bos","osmRef":"way/1414426736"},"geometry":{"type":"Polygon","coordinates":[[[4.4030392,52.0777011],[4.4032326,52.0777769],[4.4031879,52.0778648],[4.4032071,52.0778703],[4.403315,52.0779179],[4.4035394,52.077693],[4.4035837,52.0776528],[4.4020808,52.076841],[4.4015699,52.0765792],[4.4013842,52.0767069],[4.4009255,52.0764152],[4.4010449,52.0763331],[4.3993611,52.075595],[4.3977833,52.0749583],[4.3970359,52.0747479],[4.3952231,52.075384],[4.3957684,52.0757885],[4.3955634,52.0758772],[4.3957195,52.0759606],[4.3960283,52.0761242],[4.3961615,52.0763025],[4.3965293,52.0762919],[4.3965269,52.0762844],[4.3965845,52.0762827],[4.3965851,52.07629],[4.3966043,52.0762897],[4.3965902,52.0761481],[4.3968302,52.07614],[4.396828,52.0761192],[4.3970676,52.0761147],[4.3970702,52.076132],[4.3971431,52.0761295],[4.3971466,52.0761076],[4.3973032,52.0761045],[4.3973063,52.076124],[4.3974,52.0761209],[4.3974056,52.0761622],[4.3975525,52.0761556],[4.3975575,52.0761954],[4.3978547,52.0761842],[4.3978982,52.0761759],[4.3985357,52.0761533],[4.3988735,52.0762936],[4.3989148,52.0762882],[4.3989521,52.0762803],[4.3997888,52.0766285],[4.3997248,52.0766891],[4.4000502,52.0768258],[4.4001195,52.0767646],[4.4005691,52.0769496],[4.4005116,52.077006],[4.4009406,52.077182],[4.4009985,52.0771313],[4.4016446,52.0773928],[4.4013701,52.0776311],[4.4014888,52.0776814],[4.401528,52.0776901],[4.4015907,52.0776868],[4.4021666,52.0771433],[4.4021785,52.0770851],[4.4022397,52.0770775],[4.4023005,52.0770943],[4.402415,52.0771399],[4.4030588,52.0774613],[4.4030985,52.0775029],[4.4031111,52.0775658],[4.4031053,52.077628],[4.4030392,52.0777011]]]}},{"type":"Feature","properties":{"name":"Singelpark Sterrenwachtlaan","osmRef":"way/1417684221"},"geometry":{"type":"Polygon","coordinates":[[[4.4851148,52.1548997],[4.4850595,52.1548992],[4.4850418,52.154704],[4.48508,52.1546624],[4.4865479,52.1543467],[4.4865669,52.1543455],[4.4865314,52.1544355],[4.4864565,52.1546252],[4.4863103,52.1546025],[4.4863061,52.1545389],[4.4862366,52.1545516],[4.486236,52.1545478],[4.4861481,52.1545631],[4.4858299,52.1546185],[4.4857627,52.1546302],[4.4851189,52.1547421],[4.4851182,52.1547458],[4.485117,52.1548007],[4.4851168,52.1548069],[4.4851156,52.1548652],[4.4851148,52.1548997]]]}},{"type":"Feature","properties":{"name":"Corbulopark","osmRef":"way/1447551879"},"geometry":{"type":"Polygon","coordinates":[[[4.339291,52.0748904],[4.3393769,52.0749368],[4.3394672,52.0749058],[4.3400259,52.0747141],[4.3402773,52.0746302],[4.3410934,52.0743526],[4.3412625,52.0742912],[4.3413482,52.0742654],[4.3419928,52.0740447],[4.3420914,52.0740085],[4.342187,52.0741176],[4.3425323,52.0745036],[4.3427804,52.0744191],[4.343093,52.074311],[4.3431841,52.0743273],[4.3432831,52.0742926],[4.3433107,52.0742373],[4.3437337,52.074094],[4.3440539,52.0739844],[4.3441408,52.0739999],[4.344178,52.0739876],[4.3441963,52.0740019],[4.3442187,52.0740186],[4.344273,52.074059],[4.3444632,52.0742016],[4.3444864,52.0742165],[4.3445233,52.0742381],[4.3445699,52.0742542],[4.3446309,52.0742686],[4.3447305,52.074283],[4.3447533,52.0742474],[4.3448552,52.0742744],[4.3448495,52.0742858],[4.3448733,52.0742915],[4.3448592,52.0743164],[4.3448894,52.0743286],[4.3449172,52.0743409],[4.3449504,52.0743409],[4.3450748,52.0742878],[4.3451261,52.0742538],[4.3451438,52.0742359],[4.345533,52.0738397],[4.345514,52.0737947],[4.3453846,52.0737359],[4.3453199,52.0737065],[4.3451731,52.0736412],[4.3448108,52.0734802],[4.3447618,52.0734531],[4.3447009,52.0734253],[4.3446773,52.0734145],[4.3443398,52.0732626],[4.3441477,52.0730636],[4.3441342,52.0730496],[4.3443119,52.0729847],[4.3443606,52.0729669],[4.3441556,52.0727502],[4.3440524,52.0726527],[4.3440062,52.0726089],[4.3432505,52.072912],[4.3426027,52.0731845],[4.3425168,52.0732218],[4.3417675,52.0735768],[4.3416204,52.073643],[4.3411854,52.0738487],[4.340898,52.0739834],[4.3406174,52.0741237],[4.3401332,52.07439],[4.3400878,52.074415],[4.3400177,52.074455],[4.3398267,52.0745694],[4.339291,52.0748904]]]}},{"type":"Feature","properties":{"name":"Park Klaverweide","osmRef":"way/1452435877"},"geometry":{"type":"Polygon","coordinates":[[[4.3737603,52.0860624],[4.37399,52.0860264],[4.3740089,52.0860648],[4.3741287,52.0860449],[4.374096,52.0859683],[4.3743262,52.0859301],[4.3743442,52.0859719],[4.3744553,52.0859532],[4.3744024,52.085824],[4.374644,52.0857856],[4.3746614,52.085826],[4.3747822,52.0858064],[4.3749377,52.0857981],[4.3749008,52.0857525],[4.3750915,52.0856377],[4.3753725,52.0854797],[4.3752357,52.0853989],[4.3750347,52.0849125],[4.3745653,52.0843668],[4.3744486,52.0843356],[4.3735448,52.084928],[4.3734766,52.0849669],[4.3735285,52.0849967],[4.3733626,52.0851058],[4.3733107,52.085076],[4.3732446,52.085132],[4.3732412,52.0851933],[4.3733107,52.0851826],[4.3734298,52.0854715],[4.3733785,52.0854793],[4.3734246,52.0855991],[4.3734557,52.0856439],[4.3734982,52.0856813],[4.3735717,52.0857246],[4.3736061,52.0857519],[4.3736237,52.0857748],[4.3736199,52.0858049],[4.3736752,52.0859428],[4.3737087,52.085938],[4.3737603,52.0860624]]]}},{"type":"Feature","properties":{"osmRef":"way/1471811672"},"geometry":{"type":"Polygon","coordinates":[[[4.4641419,52.1490737],[4.464183,52.1489416],[4.4645887,52.1489825],[4.4646234,52.1489846],[4.4647475,52.1490015],[4.4649091,52.1490175],[4.465037,52.1490298],[4.4649266,52.1492397],[4.4646973,52.1491508],[4.4646155,52.1491286],[4.4641419,52.1490737]]]}},{"type":"Feature","properties":{"osmRef":"way/1491426230"},"geometry":{"type":"Polygon","coordinates":[[[4.5478658,52.1633208],[4.547848,52.1633056],[4.5478068,52.1632926],[4.5477679,52.1632989],[4.5477431,52.1632805],[4.5474306,52.1631793],[4.5471027,52.1630816],[4.5469545,52.1630209],[4.5469132,52.1629824],[4.5468027,52.162836],[4.5466861,52.1626858],[4.5466703,52.1626397],[4.546675,52.1626091],[4.5469944,52.162465],[4.5470514,52.1624559],[4.5470778,52.1624631],[4.547115,52.1624864],[4.5471226,52.1625224],[4.5471136,52.1625583],[4.5470981,52.1625857],[4.547092,52.1625966],[4.547032,52.1626748],[4.5470396,52.1627095],[4.5471184,52.1627836],[4.5471449,52.1628461],[4.5471967,52.1628981],[4.547285,52.1629482],[4.5473372,52.1629687],[4.5473818,52.1629242],[4.5474407,52.1628937],[4.5474853,52.1628865],[4.547654,52.1628568],[4.5477424,52.1628088],[4.5478318,52.1627227],[4.5478278,52.1627018],[4.5477992,52.1626657],[4.5477705,52.1626424],[4.5477462,52.1626063],[4.5477635,52.162573],[4.5478016,52.1625401],[4.5479192,52.1624921],[4.5480578,52.1624394],[4.5481588,52.1623862],[4.5482053,52.1623455],[4.548231,52.1623098],[4.5482359,52.1622738],[4.5482529,52.1622588],[4.5483323,52.162249],[4.5484244,52.1622291],[4.5485124,52.1621963],[4.5485843,52.1621482],[4.5486022,52.162079],[4.5486195,52.162046],[4.5486086,52.1619585],[4.5489583,52.1618565],[4.548823,52.161735],[4.5487146,52.1616865],[4.5485662,52.1616419],[4.5485727,52.1616158],[4.548729,52.1616228],[4.5488523,52.1616771],[4.5491132,52.1618651],[4.5495049,52.1621621],[4.5498466,52.1623573],[4.5499711,52.162425],[4.5502611,52.1625531],[4.5504765,52.1626073],[4.5505336,52.1626482],[4.5505363,52.1626902],[4.5505113,52.1627286],[4.5499457,52.1633199],[4.5498636,52.1634058],[4.5499144,52.1634249],[4.5501353,52.1632442],[4.5503899,52.1630518],[4.5505447,52.1629661],[4.5507163,52.162886],[4.5507726,52.1627935],[4.5507808,52.1627143],[4.5507729,52.1626551],[4.550648,52.1625632],[4.550316,52.1623834],[4.55029,52.1624017],[4.5502747,52.1623936],[4.5501151,52.1623087],[4.5501411,52.1622903],[4.5497714,52.1620792],[4.5489929,52.1615147],[4.5488438,52.1614102],[4.5486676,52.1613657],[4.5484507,52.1612992],[4.5484202,52.1611751],[4.5484592,52.1610938],[4.5485229,52.1609589],[4.5485236,52.1608848],[4.5485092,52.160837],[4.5483732,52.1606703],[4.548174,52.1605808],[4.5481217,52.1606441],[4.5480665,52.160689],[4.5479744,52.1606443],[4.5477547,52.1607214],[4.5475249,52.1609573],[4.546173,52.162022],[4.5454428,52.1626009],[4.5455055,52.1626277],[4.5457711,52.1626091],[4.5459026,52.1626277],[4.5460328,52.1626823],[4.54661,52.1629735],[4.546764,52.1630462],[4.5472466,52.1632109],[4.5473366,52.1632525],[4.5473695,52.1632876],[4.5474412,52.1633639],[4.5474715,52.1633745],[4.547586,52.1634155],[4.5476959,52.1634121],[4.5478149,52.1633815],[4.5478178,52.163379],[4.547798,52.1633722],[4.5478282,52.1633415],[4.547841,52.1633454],[4.5478658,52.1633208]]]}},{"type":"Feature","properties":{"osmRef":"way/1496490520"},"geometry":{"type":"Polygon","coordinates":[[[4.489183,52.1473334],[4.4888792,52.1469918],[4.4892313,52.1468879],[4.4894619,52.1471414],[4.4894787,52.1471936],[4.4894566,52.1472311],[4.4893976,52.1472665],[4.489183,52.1473334]]]}},{"type":"Feature","properties":{"name":"Beethovenpark","osmRef":"way/1538478465"},"geometry":{"type":"Polygon","coordinates":[[[4.4705694,52.1446937],[4.470626,52.1447315],[4.4711181,52.1448206],[4.4712824,52.1448429],[4.4713262,52.1447228],[4.4720041,52.144807],[4.4720714,52.1445566],[4.4714105,52.144472],[4.4714519,52.1443437],[4.4721036,52.1444348],[4.4722013,52.1441738],[4.4715377,52.1440789],[4.4715712,52.1439748],[4.4722397,52.1440545],[4.4723303,52.1437886],[4.4716656,52.1437111],[4.4716951,52.1436082],[4.4723598,52.1436903],[4.4724361,52.1434243],[4.4717793,52.143329],[4.4718154,52.1432171],[4.4725956,52.1433116],[4.4727086,52.1430688],[4.4727058,52.1429092],[4.4724627,52.1430263],[4.4721673,52.142989],[4.4720034,52.1430089],[4.4714267,52.1429699],[4.4713476,52.1434374],[4.4707738,52.1434053],[4.4705703,52.1446456],[4.4705694,52.1446937]]]}},{"type":"Feature","properties":{"name":"Cobbenhagenpark","osmRef":"way/1543345694"},"geometry":{"type":"Polygon","coordinates":[[[5.0455117,51.5614534],[5.0455836,51.5618538],[5.0456835,51.5619015],[5.0457521,51.5619019],[5.053832,51.5612809],[5.0614641,51.560749],[5.0617344,51.5607017],[5.0623976,51.5605678],[5.0641235,51.560302],[5.0642071,51.5597763],[5.0627313,51.5600276],[5.0621835,51.559965],[5.060796,51.5600084],[5.0606021,51.5599693],[5.0605868,51.5598907],[5.0605136,51.5599735],[5.0605451,51.5602742],[5.0582919,51.5604418],[5.0583408,51.5606975],[5.0575602,51.5607147],[5.0575213,51.5604729],[5.0545565,51.560793],[5.0544587,51.5609895],[5.0544262,51.5610548],[5.0543079,51.5611599],[5.0541196,51.5612119],[5.0538982,51.5611938],[5.0537494,51.5611755],[5.0535868,51.5610945],[5.0534984,51.560994],[5.0534231,51.5608817],[5.0455117,51.5614534]]]}},{"type":"Feature","properties":{"osmRef":"relation/1399036"},"geometry":{"type":"Polygon","coordinates":[[[4.4932404,52.1592642],[4.4932991,52.1590009],[4.4932963,52.1588976],[4.4932922,52.1588898],[4.4932847,52.1588812],[4.4932211,52.1589121],[4.4931129,52.1588238],[4.4930705,52.1588562],[4.4929575,52.1587994],[4.4929763,52.1587793],[4.4929256,52.1587558],[4.4928987,52.1587435],[4.4927391,52.1586787],[4.4926227,52.1586629],[4.4924705,52.1586398],[4.4921077,52.1587491],[4.4920747,52.1587641],[4.4920369,52.1587977],[4.4919898,52.1588521],[4.4919558,52.1589105],[4.4919039,52.1590147],[4.4918936,52.1590627],[4.4918946,52.1590897],[4.4919238,52.1591287],[4.4919785,52.1591766],[4.4920525,52.1592204],[4.4921261,52.1592551],[4.4922251,52.1592869],[4.4923138,52.1593008],[4.4924468,52.1593081],[4.4927585,52.1593049],[4.4928637,52.1592953],[4.4930306,52.159243],[4.4932404,52.1592642]],[[4.4926981,52.1589564],[4.4926981,52.1590141],[4.4926663,52.1590683],[4.4926066,52.1591128],[4.492526,52.1591424],[4.4924338,52.1591535],[4.4923409,52.1591449],[4.4922582,52.1591176],[4.4921954,52.1590747],[4.4921613,52.1590256],[4.4921541,52.1589723],[4.4921745,52.1589204],[4.4922203,52.158875],[4.4922871,52.1588406],[4.492368,52.1588209],[4.4924549,52.1588177],[4.4925391,52.1588313],[4.492612,52.1588605],[4.4926665,52.1589022],[4.4926981,52.1589564]]]}},{"type":"Feature","properties":{"name":"Interpolistuin","osmRef":"relation/7050292"},"geometry":{"type":"Polygon","coordinates":[[[5.0933534,51.5584374],[5.0934511,51.5580322],[5.0942042,51.558093],[5.0959639,51.5587885],[5.0938494,51.5589506],[5.0938168,51.5588403],[5.0933027,51.5588853],[5.0933534,51.5584374]],[[5.0938824,51.5584096],[5.0938764,51.5584001],[5.0938677,51.5583863],[5.0941249,51.5583789],[5.0941665,51.5584065],[5.094092,51.5584073],[5.0938824,51.5584096]],[[5.0937816,51.5584907],[5.0937939,51.5585073],[5.0949684,51.5584365],[5.0949544,51.5584226],[5.094095,51.5584459],[5.094065,51.5584467],[5.0940584,51.5584654],[5.0937816,51.5584907]],[[5.0942789,51.5587209],[5.0944938,51.558716],[5.0944804,51.5586863],[5.0946388,51.5586779],[5.09473,51.5586731],[5.0947286,51.5586508],[5.0942841,51.5586725],[5.0942789,51.5587209]],[[5.0946186,51.55873],[5.095137,51.5587364],[5.0955473,51.5587415],[5.0955872,51.5586962],[5.0946394,51.5587095],[5.0946081,51.5587099],[5.0946186,51.55873]]]}},{"type":"Feature","properties":{"name":"Kagerplassen","osmRef":"relation/7951150"},"geometry":{"type":"Polygon","coordinates":[[[4.5967235,52.2146006],[4.5966876,52.2145561],[4.5966952,52.2145256],[4.5967256,52.2144889],[4.5967304,52.2144621],[4.5967454,52.2144148],[4.5968125,52.2143399],[4.5969295,52.2142667],[4.5968817,52.2142292],[4.5969354,52.2142057],[4.5969592,52.2142264],[4.5970722,52.2141885],[4.5971372,52.2141853],[4.5971634,52.2141983],[4.5972633,52.2142419],[4.5973108,52.2142341],[4.5973813,52.2141862],[4.5974127,52.2141648],[4.597556,52.2140897],[4.5977514,52.2139111],[4.597792,52.2137749],[4.5978818,52.2136318],[4.5979193,52.213525],[4.5979527,52.2134037],[4.5979961,52.2133166],[4.5981363,52.2131887],[4.5984325,52.2130213],[4.5986022,52.2129228],[4.5987149,52.2128964],[4.5989658,52.2128688],[4.5994586,52.2128023],[4.5996255,52.2127941],[4.5997727,52.2128114],[4.5998857,52.2128426],[4.6000076,52.2129399],[4.6000645,52.2129811],[4.6000769,52.2129901],[4.6001067,52.2130054],[4.600276,52.2130705],[4.60028,52.2130932],[4.6003076,52.2131022],[4.6003625,52.2131202],[4.6004157,52.2130891],[4.6004833,52.213109],[4.600519,52.2131287],[4.6005636,52.213148],[4.6006377,52.2131633],[4.6007519,52.2131702],[4.6008047,52.213169],[4.6008339,52.2131598],[4.6008867,52.2131517],[4.6009811,52.2131632],[4.6010188,52.2131783],[4.6010584,52.2132129],[4.6011027,52.2132274],[4.6011416,52.2132341],[4.6012725,52.2132551],[4.601381,52.2132898],[4.6014102,52.2133106],[4.6014376,52.2133378],[4.6014706,52.2133528],[4.601497,52.213354],[4.6015372,52.2133671],[4.601692,52.2134776],[4.6017105,52.2134993],[4.6016998,52.2135308],[4.6017026,52.2135429],[4.6017168,52.2135481],[4.6017413,52.213562],[4.6017767,52.2135695],[4.6018366,52.2135993],[4.6018753,52.21364],[4.6019515,52.2137049],[4.6019654,52.2137301],[4.6020134,52.2137657],[4.6020328,52.2137706],[4.6020553,52.213785],[4.60207,52.2138053],[4.6020696,52.2138241],[4.6020601,52.2138359],[4.6020615,52.2138464],[4.6020861,52.2138521],[4.6020922,52.2138591],[4.6021021,52.2138724],[4.6020983,52.2138839],[4.6020639,52.2139212],[4.6020592,52.2139306],[4.602063,52.2139381],[4.6020814,52.2139406],[4.6021254,52.2139544],[4.6021688,52.2139788],[4.6021966,52.2139882],[4.6022439,52.2139975],[4.6023113,52.2140159],[4.6024016,52.214054],[4.6024485,52.2140631],[4.6025283,52.2141133],[4.6025679,52.2141462],[4.6026582,52.2141991],[4.6027564,52.2142314],[4.6028241,52.2142726],[4.6029248,52.2142968],[4.6030377,52.214354],[4.6031728,52.2143963],[4.6032691,52.2144453],[4.6034016,52.2144382],[4.6035074,52.2144503],[4.6036587,52.2144077],[4.6037128,52.2144004],[4.6038436,52.2143995],[4.6040281,52.2144105],[4.6042223,52.2144304],[4.6042886,52.2144365],[4.604392,52.214446],[4.6045898,52.214448],[4.6048887,52.2144575],[4.6050879,52.2144624],[4.6052611,52.2144665],[4.6056501,52.2144578],[4.6060875,52.2144583],[4.6062704,52.2144587],[4.6064168,52.2144522],[4.6064701,52.2144662],[4.606487,52.2144859],[4.60699,52.2145121],[4.6069474,52.2144686],[4.6069038,52.2143992],[4.6068248,52.2143546],[4.6067661,52.214331],[4.6066789,52.2143079],[4.6063133,52.2143285],[4.6053894,52.2143687],[4.6051389,52.2143647],[4.6048102,52.2143693],[4.6045653,52.2143513],[4.6045102,52.2143394],[4.6043672,52.2143253],[4.6043415,52.2143063],[4.6042612,52.2142837],[4.6041651,52.2142602],[4.6039436,52.2142333],[4.603893,52.2142403],[4.6037812,52.2142209],[4.6037963,52.214193],[4.6038112,52.2141707],[4.6038927,52.2141267],[4.6039805,52.2140371],[4.6041804,52.2138736],[4.6042333,52.2137146],[4.604229,52.2135701],[4.6041947,52.2133659],[4.604238,52.2133467],[4.6042929,52.2133505],[4.6043457,52.2133687],[4.6043606,52.2133462],[4.6042675,52.2133207],[4.604269,52.2132859],[4.6043749,52.2133004],[4.6043836,52.2132706],[4.6043099,52.2132597],[4.6043645,52.213123],[4.60419,52.2131443],[4.6041762,52.2131063],[4.6042327,52.2129607],[4.6044525,52.212966],[4.6046215,52.2127078],[4.6046759,52.2124037],[4.6046553,52.2123709],[4.6045855,52.2123462],[4.6041253,52.2123944],[4.6041038,52.212425],[4.6039598,52.2124032],[4.6036783,52.2123389],[4.6035767,52.2124186],[4.6035269,52.2123874],[4.6033687,52.2123914],[4.6033534,52.2123606],[4.6032051,52.2123655],[4.6029935,52.2123001],[4.6029081,52.2122281],[4.6028241,52.2121512],[4.6028412,52.2120986],[4.6027461,52.2119519],[4.6025629,52.2119282],[4.6024733,52.2119082],[4.6022503,52.211826],[4.6021478,52.2117722],[4.6019743,52.211667],[4.6018726,52.2116629],[4.6018034,52.211636],[4.6017509,52.211657],[4.6018495,52.2117],[4.6019213,52.2117192],[4.6019215,52.2117376],[4.6019078,52.2117835],[4.6019498,52.2118166],[4.6019984,52.2118713],[4.6021181,52.2119514],[4.602195,52.211979],[4.602313,52.2120838],[4.6023073,52.2121316],[4.6022761,52.21219],[4.6022375,52.2122264],[4.602183,52.2122331],[4.6021469,52.2123067],[4.602045,52.2123813],[4.6019081,52.2124333],[4.6015488,52.2125765],[4.6013935,52.2125956],[4.6012946,52.2126024],[4.6010596,52.2126461],[4.600923,52.2126389],[4.6008185,52.2126234],[4.6007028,52.2126296],[4.6005694,52.2126124],[4.600485,52.2125645],[4.600355,52.2125203],[4.6002694,52.2124784],[4.6002086,52.2124417],[4.6001089,52.2124074],[4.5999476,52.2123819],[4.5996753,52.2123468],[4.5995175,52.2123466],[4.5992628,52.2123687],[4.5991212,52.2123807],[4.5990237,52.2123963],[4.5988789,52.2124411],[4.5985808,52.2124818],[4.5985264,52.2124941],[4.5983748,52.2125377],[4.5981756,52.2126302],[4.5980127,52.2127099],[4.5979491,52.2127244],[4.5978867,52.2127322],[4.5978069,52.212731],[4.5977286,52.2127483],[4.5976642,52.2127798],[4.5976213,52.2128097],[4.5975855,52.2128473],[4.5975536,52.2128911],[4.5974984,52.2129377],[4.597411,52.2130176],[4.5973341,52.2131118],[4.5972866,52.2131933],[4.5972357,52.2132937],[4.5971927,52.2134001],[4.5971446,52.2135225],[4.5971271,52.2136295],[4.597105,52.2137636],[4.5970866,52.2138113],[4.5970632,52.2138415],[4.5970269,52.2138856],[4.5969589,52.2139386],[4.5969176,52.2139616],[4.5967658,52.2140087],[4.596678,52.2140377],[4.5966621,52.214043],[4.5966687,52.2140599],[4.5966094,52.2140887],[4.5964887,52.2141249],[4.5964162,52.214155],[4.5963155,52.2141902],[4.596209,52.2142134],[4.596075,52.2142177],[4.5959556,52.2142114],[4.5958557,52.2142108],[4.595577,52.2141607],[4.5955338,52.2141531],[4.5953707,52.2141251],[4.5950777,52.2140498],[4.5947028,52.2139495],[4.5946286,52.2139423],[4.5939952,52.2137701],[4.593974,52.2137646],[4.5938762,52.213749],[4.5937125,52.2137041],[4.5935146,52.2136458],[4.5933485,52.2135924],[4.5932191,52.2135606],[4.5930715,52.2135057],[4.5929845,52.2134824],[4.5928659,52.2134375],[4.5926557,52.2133285],[4.5925503,52.2132906],[4.5923778,52.2132172],[4.5923206,52.2131761],[4.5923159,52.2131277],[4.5923848,52.2130458],[4.592426,52.2129624],[4.5924394,52.2129091],[4.5923854,52.2128951],[4.5922187,52.2128942],[4.5920394,52.212875],[4.5919023,52.2128779],[4.5917601,52.2128894],[4.5916737,52.212909],[4.5916225,52.2129252],[4.5915687,52.2129102],[4.5915061,52.2128954],[4.5913927,52.2128422],[4.5912784,52.2127535],[4.5910455,52.2125889],[4.5909871,52.2125458],[4.590832,52.2123744],[4.5908095,52.2123568],[4.5907856,52.2123545],[4.5907126,52.2122124],[4.5907674,52.2121797],[4.5907367,52.2121523],[4.5907159,52.2120834],[4.5907582,52.2119836],[4.5908319,52.211975],[4.5908077,52.2118614],[4.590778,52.2118554],[4.5907651,52.2117654],[4.5908006,52.211613],[4.5908494,52.2115337],[4.5909269,52.2113957],[4.5910112,52.2112798],[4.5911035,52.2112092],[4.5912015,52.2111319],[4.5913436,52.2110688],[4.5914706,52.2110174],[4.5916647,52.2109524],[4.5918439,52.2108934],[4.5920981,52.2108306],[4.5922333,52.2107986],[4.5925463,52.2107499],[4.5928033,52.2107183],[4.5930159,52.210716],[4.5934742,52.210715],[4.5936513,52.2107172],[4.5937051,52.2107064],[4.59376,52.2106828],[4.593781,52.2106533],[4.5938288,52.2105083],[4.5938607,52.2104275],[4.5939109,52.2103715],[4.5939627,52.2103074],[4.5941191,52.210235],[4.5941556,52.2102448],[4.5942688,52.2102446],[4.5943303,52.2102368],[4.5943755,52.2102164],[4.5943702,52.2101797],[4.5943514,52.2101678],[4.5943289,52.2101596],[4.5942589,52.2101591],[4.5941859,52.2101609],[4.5941603,52.2101554],[4.5941436,52.2101328],[4.5941343,52.2100783],[4.5941791,52.2100648],[4.5942221,52.2100569],[4.5942481,52.2100414],[4.5942571,52.2100164],[4.5942511,52.2099914],[4.5942236,52.2099741],[4.5942002,52.2099661],[4.5941527,52.2099522],[4.5940932,52.2099497],[4.5940387,52.2099568],[4.5939895,52.2099269],[4.5939631,52.2098541],[4.5939002,52.2097169],[4.5938764,52.2096753],[4.5938613,52.2095976],[4.5938999,52.2095382],[4.5939892,52.2094749],[4.59404,52.2094366],[4.5940535,52.2094012],[4.5940484,52.2093584],[4.5939771,52.2092812],[4.5939344,52.2092504],[4.5938794,52.2092368],[4.5938588,52.2091989],[4.5938434,52.209142],[4.5938424,52.2091048],[4.5938393,52.2090537],[4.5938515,52.2090308],[4.5938362,52.2090146],[4.5938064,52.2090191],[4.5937585,52.2089529],[4.5935941,52.2086418],[4.5934817,52.2085768],[4.5934151,52.2085506],[4.5933546,52.2085216],[4.5932558,52.2084505],[4.5931751,52.2083574],[4.5931108,52.2083013],[4.5930243,52.2082737],[4.593051,52.2082624],[4.5930805,52.2082429],[4.5930781,52.20823],[4.5929732,52.2081624],[4.5929231,52.2081441],[4.5927924,52.208094],[4.5926598,52.2080385],[4.592534,52.2079907],[4.5923036,52.2078332],[4.5921605,52.2077349],[4.5919603,52.2076424],[4.5918712,52.207617],[4.5916343,52.207504],[4.5913951,52.2073777],[4.5912973,52.2073116],[4.5912385,52.2073321],[4.5912725,52.2073764],[4.5912649,52.2073799],[4.5911401,52.2074384],[4.5909012,52.2073372],[4.59083,52.2073037],[4.590777,52.2072649],[4.5907969,52.2072548],[4.5905649,52.2071213],[4.5904737,52.2070668],[4.5904248,52.2070414],[4.5902341,52.2070856],[4.5897304,52.206785],[4.589905,52.2067379],[4.5901248,52.2066898],[4.5901985,52.2066932],[4.5903982,52.2067498],[4.5905124,52.2067977],[4.5905376,52.2067986],[4.5906679,52.2068606],[4.5907111,52.2068664],[4.5907476,52.2068817],[4.5907921,52.2068969],[4.5908195,52.206884],[4.5907785,52.206858],[4.5906761,52.2068174],[4.5905117,52.2067414],[4.5902707,52.2066392],[4.5902119,52.2066238],[4.5901439,52.2066141],[4.5900383,52.2066165],[4.5898282,52.2066516],[4.5896989,52.2066719],[4.5896071,52.206672],[4.5895229,52.2066573],[4.5894392,52.206624],[4.589362,52.206578],[4.5892862,52.2065283],[4.5892148,52.2064998],[4.5889038,52.2064523],[4.588736,52.2064065],[4.5886761,52.2063815],[4.5886487,52.2063713],[4.5886343,52.2063946],[4.5885159,52.2063627],[4.5884271,52.2063144],[4.5883577,52.2063163],[4.5882397,52.2062726],[4.5881872,52.2062872],[4.5880649,52.2062472],[4.5880645,52.206215],[4.5879256,52.2061476],[4.5876934,52.2060573],[4.5873819,52.2059199],[4.5872346,52.2058333],[4.5870533,52.2055712],[4.5867822,52.2055464],[4.5866846,52.2053797],[4.5866791,52.2053281],[4.5867075,52.205274],[4.5868351,52.2051763],[4.5869146,52.2051387],[4.5870066,52.2051119],[4.5871769,52.2050249],[4.5872876,52.2050189],[4.5873071,52.2049725],[4.587391,52.2047786],[4.5873888,52.2045877],[4.5874412,52.2045232],[4.5876673,52.2043401],[4.5876138,52.2043249],[4.5874933,52.2043369],[4.5874741,52.2043897],[4.587248,52.204469],[4.5871414,52.2044742],[4.5870251,52.2044798],[4.5870038,52.2044788],[4.5869776,52.2044775],[4.586914,52.2044554],[4.5867181,52.2042409],[4.5867004,52.2041399],[4.5866735,52.2039875],[4.5867081,52.2039161],[4.5867386,52.2038329],[4.5867356,52.203766],[4.5867491,52.2037063],[4.586775,52.2036517],[4.5868174,52.2035969],[4.5868888,52.2035449],[4.5869472,52.2035262],[4.5870425,52.2035246],[4.5871333,52.2035491],[4.5872236,52.2035975],[4.5872761,52.2036742],[4.5874459,52.2036801],[4.5877812,52.2037085],[4.5877824,52.2036442],[4.5877703,52.203625],[4.587675,52.2036196],[4.5874762,52.203611],[4.5874017,52.2036057],[4.5873565,52.203584],[4.5873529,52.2035506],[4.5873956,52.2034863],[4.5875048,52.2034058],[4.5876175,52.2033614],[4.5876811,52.2032829],[4.5877605,52.2032477],[4.5878817,52.2031887],[4.5879156,52.2031508],[4.5879539,52.2030912],[4.5880086,52.2030486],[4.5880704,52.2030082],[4.5881212,52.2029687],[4.5881962,52.2029275],[4.588249,52.2028948],[4.5883072,52.2028654],[4.5883652,52.2028312],[4.588399,52.2028138],[4.5884729,52.2027757],[4.5885111,52.2027614],[4.5885617,52.2027425],[4.5886303,52.202729],[4.5886421,52.2027266],[4.5886589,52.2027233],[4.588843,52.2026943],[4.5889501,52.2026786],[4.5890065,52.2026697],[4.5890549,52.2026628],[4.589098,52.2026567],[4.5891103,52.2026549],[4.5891523,52.202649],[4.5891677,52.2026469],[4.5892096,52.2026405],[4.5892514,52.202626],[4.5892976,52.2025871],[4.5893442,52.2025276],[4.5893616,52.2024825],[4.5893672,52.2024084],[4.5893026,52.2023054],[4.5892458,52.202243],[4.589102,52.2021678],[4.5890443,52.2021461],[4.5889946,52.2021458],[4.5889407,52.2021524],[4.5889245,52.202131],[4.5889465,52.202057],[4.5889511,52.2020367],[4.5890451,52.2019804],[4.5890321,52.201963],[4.5889653,52.2019749],[4.5889291,52.2019852],[4.5889162,52.2019856],[4.5888083,52.201908],[4.5887141,52.2018453],[4.5885701,52.2017775],[4.5884223,52.2017026],[4.5883523,52.2016735],[4.5883198,52.2016421],[4.5882538,52.201625],[4.5880967,52.2016001],[4.5879853,52.2015682],[4.587923,52.2015419],[4.5878293,52.2015109],[4.5876863,52.2014947],[4.5876669,52.201546],[4.5874399,52.2015376],[4.5874358,52.2014907],[4.5873615,52.2014619],[4.5871611,52.20145],[4.5871429,52.201473],[4.5869892,52.2014244],[4.5866981,52.2013541],[4.5860459,52.2011941],[4.586076,52.2011476],[4.5862437,52.2011766],[4.5862657,52.2011439],[4.5860839,52.2010748],[4.5860149,52.2010528],[4.5860012,52.2010416],[4.5860058,52.2010177],[4.586048,52.200975],[4.5861485,52.2008653],[4.5863044,52.2008781],[4.5863117,52.2008646],[4.5862446,52.2008432],[4.586209,52.2007778],[4.5861599,52.2007466],[4.5860772,52.2007292],[4.5859153,52.2007368],[4.5852606,52.2008879],[4.5851495,52.2008945],[4.5845594,52.2008767],[4.5844537,52.2008881],[4.5837984,52.2010999],[4.5836458,52.2011362],[4.5836162,52.2011399],[4.5835742,52.2011683],[4.5835403,52.2012085],[4.5835564,52.2012373],[4.5836017,52.2012497],[4.5836973,52.2012382],[4.5839519,52.2011445],[4.5840686,52.2011048],[4.5842485,52.2010153],[4.584315,52.2009989],[4.5843814,52.2009971],[4.5844351,52.201007],[4.5844471,52.2010332],[4.5844177,52.2010547],[4.5843382,52.2010946],[4.584201,52.20112],[4.5841631,52.2011507],[4.5840667,52.2012099],[4.5840786,52.2012408],[4.5840698,52.2012647],[4.5840031,52.2012858],[4.5839417,52.201357],[4.5839044,52.2013616],[4.5838552,52.2013348],[4.5838057,52.2013227],[4.5837556,52.2013341],[4.5837429,52.2013579],[4.5837506,52.2013866],[4.5837913,52.2014299],[4.5837784,52.2014562],[4.5837365,52.2014773],[4.5836698,52.2015007],[4.5836444,52.2015269],[4.5836146,52.2015767],[4.5836222,52.2016079],[4.5835801,52.2016458],[4.5835548,52.2016743],[4.5835542,52.2017077],[4.5835828,52.2017293],[4.5836447,52.2017418],[4.5836736,52.201749],[4.5836271,52.2018001],[4.5836178,52.2018573],[4.5835968,52.201874],[4.5835513,52.2018642],[4.5835096,52.2018805],[4.5834638,52.2018875],[4.5834054,52.2019109],[4.5833465,52.2019605],[4.5833209,52.2020011],[4.5833325,52.2020464],[4.5833357,52.2020989],[4.5833186,52.2021275],[4.5833262,52.2021705],[4.5833045,52.2022206],[4.5833372,52.2022447],[4.5833742,52.2022641],[4.5833697,52.2022854],[4.5833155,52.2022993],[4.5833066,52.2023375],[4.5832484,52.2023419],[4.5832151,52.2023512],[4.5832147,52.2023776],[4.5831892,52.2024061],[4.5831595,52.2024441],[4.5831669,52.2024989],[4.5831658,52.2025562],[4.5832023,52.2025994],[4.5833132,52.2026552],[4.583317,52.2026766],[4.5832878,52.2026885],[4.5833123,52.2027052],[4.583362,52.2027103],[4.5833656,52.2027415],[4.5833442,52.2027796],[4.5833353,52.2028082],[4.5833511,52.202856],[4.5833796,52.2028823],[4.5834498,52.2028924],[4.583487,52.2029047],[4.5834907,52.2029286],[4.5834654,52.2029545],[4.5834818,52.2029642],[4.583548,52.2029672],[4.583606,52.2029724],[4.5836635,52.2029941],[4.583692,52.2030229],[4.5836914,52.2030589],[4.5836496,52.2030847],[4.5836575,52.2031016],[4.5837149,52.2031354],[4.5837271,52.2031521],[4.5837184,52.2031737],[4.5836765,52.2031925],[4.583668,52.203209],[4.5836925,52.2032235],[4.5837089,52.2032427],[4.5836884,52.2032679],[4.5836379,52.2032661],[4.5835719,52.2032538],[4.5834646,52.2032267],[4.5833651,52.2032213],[4.5831384,52.2031554],[4.5829484,52.2031181],[4.5826371,52.2030149],[4.5826161,52.2030083],[4.5825479,52.2029781],[4.582484,52.202933],[4.5824301,52.2029141],[4.5823603,52.202899],[4.5822677,52.2028794],[4.5817856,52.2026513],[4.581409,52.202449],[4.5806605,52.2020095],[4.5802903,52.2017745],[4.5800829,52.2016152],[4.5800242,52.2015493],[4.5800061,52.2014716],[4.5800308,52.2014256],[4.5799821,52.201396],[4.5799683,52.201376],[4.5799481,52.2013392],[4.5799447,52.2012368],[4.5800155,52.2011182],[4.5800796,52.2010504],[4.5801569,52.2009824],[4.5802998,52.2009362],[4.5804887,52.2009274],[4.5805235,52.2009242],[4.5805578,52.2009115],[4.5805284,52.2008911],[4.5804468,52.2008757],[4.5803369,52.2008585],[4.5802651,52.2008388],[4.5802391,52.2008047],[4.5802281,52.2007062],[4.5801449,52.2004981],[4.5801116,52.2004145],[4.5799857,52.2003155],[4.5799898,52.2002141],[4.5799433,52.2001163],[4.5799253,52.1999763],[4.5799868,52.1998662],[4.5799808,52.1997422],[4.5800208,52.1996929],[4.580058,52.1996543],[4.5800637,52.1995964],[4.580171,52.1992978],[4.5802386,52.1991893],[4.5802732,52.1991958],[4.5802934,52.1991626],[4.5806786,52.1992236],[4.581035,52.199421],[4.5812383,52.1994491],[4.5812622,52.1994589],[4.5813629,52.1995006],[4.5815271,52.1996615],[4.581421,52.1997317],[4.581461,52.1997565],[4.5815817,52.1996891],[4.5819129,52.199777],[4.5819116,52.1997924],[4.5821145,52.1998727],[4.5821926,52.1998909],[4.5823291,52.1999269],[4.5822486,52.2000586],[4.582243,52.2001604],[4.5823274,52.2001635],[4.5823503,52.2000189],[4.5824433,52.1999628],[4.582581,52.1999868],[4.5827005,52.1999959],[4.5828724,52.1999453],[4.5833593,52.1997818],[4.5840952,52.1995406],[4.58446,52.1994109],[4.5845611,52.1993616],[4.5846393,52.199307],[4.5846869,52.1992598],[4.5847212,52.199204],[4.5846973,52.1991994],[4.5848161,52.1991011],[4.5849091,52.1990306],[4.5850788,52.1988306],[4.5851413,52.1987686],[4.5852827,52.1986689],[4.5853768,52.198588],[4.5854697,52.1984545],[4.5857221,52.1978724],[4.5857465,52.1977585],[4.5857414,52.1976643],[4.5857013,52.1975611],[4.5855795,52.1974382],[4.5853906,52.1972767],[4.5854211,52.1972296],[4.5853328,52.1971636],[4.5851735,52.1970895],[4.5850004,52.1970322],[4.5848698,52.1969966],[4.5848883,52.1969676],[4.5847894,52.1969399],[4.5847679,52.1969695],[4.58449,52.1969023],[4.5844658,52.1969274],[4.5843679,52.1969049],[4.5841145,52.1968466],[4.5838638,52.196789],[4.5836742,52.1967454],[4.5835978,52.1964333],[4.5835415,52.1964298],[4.5835329,52.1965137],[4.5835203,52.1965427],[4.5835025,52.1965524],[4.583462,52.1965584],[4.5831602,52.1964622],[4.5830014,52.1963898],[4.5828967,52.1963279],[4.5828202,52.1962872],[4.5824391,52.1961315],[4.5824252,52.1961568],[4.5820414,52.196198],[4.5817189,52.1962453],[4.5813092,52.1963205],[4.5812214,52.196337],[4.5811554,52.1963543],[4.5811333,52.1964018],[4.581316,52.1964168],[4.5813334,52.1964393],[4.5813233,52.1964679],[4.5812019,52.1965314],[4.5810128,52.1966595],[4.5809442,52.1967719],[4.580877,52.1968291],[4.5807453,52.1969388],[4.5807036,52.196987],[4.5806864,52.1970613],[4.5806186,52.1971381],[4.5802311,52.197602],[4.5801604,52.1976641],[4.5800906,52.1976997],[4.5800012,52.1976883],[4.5799632,52.1976562],[4.5798708,52.1976561],[4.5797717,52.1976671],[4.5796419,52.1977708],[4.5796566,52.1978134],[4.5796561,52.19791],[4.5796182,52.198035],[4.5794201,52.1983927],[4.5793275,52.1985617],[4.5794023,52.1986063],[4.5792816,52.1988631],[4.5791284,52.1988513],[4.5791202,52.1988833],[4.5792308,52.1988997],[4.5791971,52.1990089],[4.5791311,52.199022],[4.5791015,52.1991978],[4.5790941,52.1992137],[4.5791584,52.1992303],[4.5790792,52.1993514],[4.5790061,52.1994928],[4.5789818,52.1995603],[4.5789245,52.1997025],[4.5788851,52.1996972],[4.5788699,52.1997647],[4.5788904,52.1999679],[4.5788742,52.2000766],[4.5788067,52.2001366],[4.5787396,52.2002437],[4.5786651,52.200346],[4.578622,52.2003603],[4.5785362,52.2003582],[4.5775701,52.2000827],[4.5772994,52.2000234],[4.577279,52.2000412],[4.5772887,52.2000564],[4.5773446,52.2000735],[4.5774754,52.200132],[4.5781716,52.2003313],[4.5790173,52.2005694],[4.5791676,52.2005918],[4.57932,52.2006131],[4.5794125,52.2006537],[4.5794329,52.2007055],[4.5794401,52.2007553],[4.5794227,52.2008223],[4.5793724,52.2009236],[4.579334,52.2010377],[4.5793122,52.2011243],[4.579287,52.2011764],[4.5792453,52.2012458],[4.5792202,52.201295],[4.5792178,52.2014293],[4.5791919,52.201521],[4.5791779,52.2016203],[4.57923,52.2018715],[4.5792618,52.2019015],[4.579378,52.201952],[4.579462,52.202002],[4.5807275,52.2028589],[4.5808311,52.2029366],[4.5808946,52.2030041],[4.5809489,52.2031287],[4.5809636,52.2032083],[4.5809295,52.2033072],[4.5808718,52.2033663],[4.5806264,52.2035312],[4.5803487,52.2036905],[4.5802421,52.2037769],[4.5800099,52.2039705],[4.5798486,52.2040776],[4.5796992,52.2042426],[4.5795763,52.2043325],[4.5794308,52.204405],[4.5791475,52.2044171],[4.5789693,52.2044106],[4.5788252,52.2043958],[4.5786403,52.2043735],[4.5785552,52.2043836],[4.5784421,52.2043775],[4.5783043,52.204333],[4.5782222,52.2043324],[4.5781314,52.2043441],[4.5780656,52.204387],[4.5779633,52.2044053],[4.5776486,52.204438],[4.5774089,52.2044662],[4.5771227,52.20449],[4.5767626,52.2045277],[4.5766461,52.204546],[4.5765778,52.204568],[4.5765715,52.2046065],[4.576579,52.2046621],[4.5765727,52.2046916],[4.5765178,52.2047258],[4.5764558,52.2047413],[4.5761993,52.2047637],[4.5759956,52.204759],[4.5757158,52.2047413],[4.5755183,52.2047105],[4.5754083,52.2046869],[4.5752704,52.2046391],[4.5751083,52.2046119],[4.5749561,52.2045763],[4.5745872,52.2044763],[4.5745588,52.2044696],[4.5744463,52.2044438],[4.5742967,52.2044186],[4.5740813,52.2043596],[4.5738756,52.2043062],[4.573718,52.2042599],[4.5736422,52.2042262],[4.573576,52.2041319],[4.5735712,52.2039904],[4.5735426,52.2039587],[4.5731641,52.2039476],[4.5735087,52.2039916],[4.5734854,52.2041592],[4.5733387,52.2041429],[4.5727524,52.2040583],[4.5727491,52.2040445],[4.5728365,52.2039709],[4.5730677,52.2039415],[4.5727344,52.2039403],[4.5726842,52.20394],[4.5725308,52.2039391],[4.572343,52.203928],[4.5724981,52.2040004],[4.5725187,52.2040263],[4.5722293,52.204021],[4.5721031,52.2040136],[4.572002,52.2039717],[4.5715301,52.2038926],[4.5713245,52.2038702],[4.5710068,52.2038453],[4.5707078,52.2038138],[4.5705668,52.2038045],[4.570469,52.2038633],[4.5703455,52.2038864],[4.5702372,52.2039021],[4.5701817,52.2038874],[4.5701739,52.2038715],[4.5702488,52.2037082],[4.5701957,52.2036548],[4.5701235,52.2037765],[4.5700428,52.203844],[4.5699293,52.2038685],[4.5696545,52.2038733],[4.5689727,52.2039437],[4.5687571,52.2039388],[4.568589,52.2039247],[4.5683788,52.2038974],[4.5682742,52.2038644],[4.5682104,52.2038497],[4.5681589,52.2038378],[4.5681115,52.2038405],[4.5680689,52.203863],[4.5679477,52.2038717],[4.5677845,52.203877],[4.5673122,52.2038763],[4.5669998,52.2038918],[4.5665432,52.2039513],[4.5662788,52.2039997],[4.5660455,52.2040514],[4.5660097,52.2040593],[4.5659044,52.2040901],[4.5656432,52.2041352],[4.5655125,52.2041674],[4.5654411,52.2041981],[4.5653699,52.2042237],[4.5652477,52.2042506],[4.565151,52.2042744],[4.5650307,52.2042786],[4.5649432,52.2042643],[4.5648394,52.2042147],[4.5648083,52.2042094],[4.5647512,52.2042385],[4.5646824,52.2042902],[4.5646822,52.2043023],[4.5646816,52.2043321],[4.5647378,52.204355],[4.5648783,52.2044065],[4.5648808,52.2044273],[4.5648607,52.2044429],[4.5647921,52.2044736],[4.5647264,52.204513],[4.5646371,52.2045924],[4.5645819,52.2046766],[4.5645558,52.2047076],[4.5645835,52.2047356],[4.5646287,52.2047618],[4.564566,52.2048355],[4.5644897,52.2049158],[4.564435,52.204966],[4.5643635,52.2050107],[4.5643091,52.2050382],[4.564201,52.2050703],[4.5641073,52.2050854],[4.5639853,52.2051002],[4.5638565,52.205108],[4.5637854,52.205125],[4.5637058,52.2051399],[4.5635247,52.2051406],[4.5634029,52.2051464],[4.5630807,52.2051217],[4.5629282,52.2051066],[4.5628094,52.2051058],[4.562726,52.2050948],[4.5625541,52.2050571],[4.5624157,52.2050387],[4.5623623,52.2050246],[4.5622779,52.2049942],[4.5622136,52.2049485],[4.5621608,52.2048979],[4.5621331,52.2048629],[4.56208,52.204833],[4.562064,52.2048267],[4.562021,52.2048098],[4.5619747,52.2048033],[4.5619165,52.2047954],[4.5618018,52.2047858],[4.5617554,52.2047819],[4.5615658,52.2047789],[4.5609554,52.2048094],[4.560879,52.2048072],[4.5608368,52.2047965],[4.560799,52.2047819],[4.5607637,52.2047682],[4.5607414,52.2047523],[4.5607219,52.2047808],[4.5607094,52.204799],[4.560675,52.2048266],[4.560595,52.2048608],[4.5603877,52.2049046],[4.5593852,52.2051655],[4.5588663,52.2052947],[4.5587807,52.2053307],[4.5586921,52.2053719],[4.5585912,52.205407],[4.5584472,52.2053307],[4.5584147,52.2053472],[4.5583856,52.205362],[4.5584227,52.2054718],[4.5579881,52.2056383],[4.5578674,52.2056888],[4.5576452,52.2057802],[4.5575811,52.2058059],[4.5571316,52.2059654],[4.5569241,52.2060179],[4.55654,52.2061228],[4.5564127,52.206141],[4.5563415,52.2060711],[4.5563172,52.2060389],[4.5563118,52.2060315],[4.5562828,52.205949],[4.5562938,52.2058533],[4.5562922,52.2057766],[4.5562872,52.2057092],[4.5562437,52.2055946],[4.5562233,52.205484],[4.5562981,52.2053576],[4.5563444,52.205304],[4.556557,52.2051325],[4.5566776,52.2050617],[4.5568187,52.2049907],[4.5568501,52.2049468],[4.5568525,52.2048748],[4.5568342,52.2047585],[4.556889,52.2045891],[4.5568907,52.2045611],[4.5569632,52.2044336],[4.557045,52.2043587],[4.5571298,52.2043788],[4.5571368,52.2043675],[4.55718,52.204317],[4.5572249,52.2042644],[4.5572671,52.2042151],[4.5573106,52.204162],[4.557353,52.2041111],[4.5573986,52.2040612],[4.5574409,52.20401],[4.5574836,52.2039584],[4.5575088,52.2039279],[4.5575156,52.2038676],[4.5572549,52.2038529],[4.5571853,52.2038229],[4.5571752,52.2038186],[4.5571267,52.2038685],[4.5567865,52.2042647],[4.5568367,52.2043528],[4.5567696,52.2043682],[4.5567509,52.2043487],[4.5567194,52.2043047],[4.5567214,52.2042685],[4.5567489,52.2042057],[4.5568052,52.204153],[4.5568334,52.2041189],[4.5568702,52.2040631],[4.5569313,52.2040051],[4.5569654,52.2039743],[4.5570084,52.2039052],[4.5570908,52.2038194],[4.5571566,52.2037659],[4.5571374,52.2035479],[4.5570914,52.2031442],[4.5570559,52.2029647],[4.5569862,52.2025309],[4.556948,52.2024918],[4.5569007,52.2024196],[4.5568048,52.2023445],[4.5565929,52.2022354],[4.556387,52.2021121],[4.5563736,52.2021041],[4.5563476,52.2020889],[4.5562649,52.2020481],[4.5561979,52.2020458],[4.5559318,52.2019707],[4.5554002,52.2018343],[4.5553087,52.2018056],[4.5551032,52.2017286],[4.5545605,52.2015074],[4.5544679,52.2014699],[4.5543498,52.2014337],[4.5542887,52.2014189],[4.5541165,52.2014059],[4.5540056,52.2013911],[4.5539408,52.2013741],[4.5538807,52.2013408],[4.5537805,52.2012541],[4.5537509,52.2012088],[4.5537402,52.2011826],[4.5537478,52.2011472],[4.5537616,52.2011085],[4.5537848,52.2010806],[4.5538217,52.2010404],[4.5538736,52.2010657],[4.5540305,52.200951],[4.5545022,52.2006318],[4.5545639,52.2006039],[4.554599,52.2005648],[4.5546036,52.200531],[4.5544927,52.200275],[4.5543824,52.2001654],[4.5543669,52.2001356],[4.5543571,52.1999554],[4.5543336,52.1999463],[4.5542387,52.1999575],[4.5542332,52.1999214],[4.554468,52.1998969],[4.5544195,52.1997108],[4.5543694,52.1995186],[4.5543195,52.199327],[4.5542391,52.1993323],[4.5541476,52.1993395],[4.5540453,52.1993698],[4.553963,52.1994082],[4.5538444,52.1994813],[4.5537871,52.1995336],[4.5537825,52.1995425],[4.5537525,52.1996001],[4.5537554,52.1996729],[4.5537689,52.1997184],[4.5538067,52.1997637],[4.553892,52.1998283],[4.5540951,52.1998758],[4.5540762,52.1999167],[4.5538091,52.1998588],[4.5537359,52.1997671],[4.5536882,52.1997061],[4.5536787,52.1996015],[4.5537122,52.1994995],[4.5538654,52.1993918],[4.5539469,52.1993499],[4.5541067,52.199292],[4.5543397,52.199285],[4.5545512,52.1992833],[4.5547718,52.199289],[4.5548708,52.1993112],[4.5554183,52.1993298],[4.5555418,52.1993255],[4.5556129,52.1993147],[4.5557846,52.1992169],[4.5559536,52.199142],[4.5559429,52.199126],[4.5561535,52.1990544],[4.5562376,52.1990219],[4.5562289,52.1990088],[4.556224,52.1989817],[4.5561593,52.1989164],[4.5555985,52.1990927],[4.5553363,52.1991448],[4.5551732,52.1991609],[4.5551536,52.1991521],[4.5548983,52.1991498],[4.5547118,52.1991383],[4.5545306,52.1991095],[4.5542604,52.1990749],[4.5542226,52.199114],[4.5541745,52.1991534],[4.553918,52.1992091],[4.5538168,52.1992243],[4.5537867,52.1992214],[4.55375,52.1992271],[4.5537375,52.1992385],[4.5535131,52.1992662],[4.5534282,52.1993032],[4.5533819,52.1993328],[4.5533566,52.1993541],[4.5533506,52.199361],[4.5533388,52.1993747],[4.5532955,52.1994247],[4.5532062,52.199535],[4.553204,52.1995405],[4.5531799,52.1996005],[4.5531787,52.1996875],[4.5532156,52.1997905],[4.5532808,52.1999044],[4.5533835,52.2000223],[4.5535366,52.2001485],[4.5536842,52.2002206],[4.5537698,52.2002619],[4.5539772,52.2003798],[4.5540091,52.200432],[4.5536994,52.2007853],[4.5535346,52.2008377],[4.5533751,52.2008507],[4.5517601,52.201019],[4.5517489,52.2010358],[4.5517415,52.201047],[4.5518692,52.2012208],[4.5519005,52.201225],[4.5521017,52.2012064],[4.5521748,52.201304],[4.5521716,52.2013175],[4.5520723,52.2013718],[4.5519722,52.2014129],[4.5518998,52.2014285],[4.551814,52.2014429],[4.5517416,52.2014474],[4.5516605,52.2014493],[4.5515668,52.2014384],[4.5515149,52.2014213],[4.5514613,52.2014037],[4.5513674,52.2013848],[4.5511964,52.2013597],[4.5509238,52.2013207],[4.5509042,52.2013169],[4.5508452,52.2012988],[4.5508227,52.2012871],[4.5507991,52.2012683],[4.5507986,52.2011519],[4.5506339,52.2010764],[4.5504298,52.2010331],[4.5500943,52.2010553],[4.5500052,52.2011091],[4.54997,52.20116],[4.5500377,52.201183],[4.5501436,52.2012217],[4.550091,52.2012654],[4.5499959,52.2013086],[4.5499142,52.2013028],[4.5498061,52.2012884],[4.5497183,52.2012684],[4.5495705,52.201187],[4.5492922,52.2010276],[4.5491323,52.2009444],[4.5490636,52.2008766],[4.5490119,52.200794],[4.5487708,52.2005247],[4.5487112,52.2004966],[4.5484175,52.200396],[4.5482291,52.200363],[4.5479827,52.200336],[4.547974,52.2003351],[4.547962,52.2003338],[4.5477813,52.2003154],[4.5476319,52.2003099],[4.5474433,52.2003016],[4.5474131,52.2002889],[4.5472328,52.1999761],[4.5471771,52.1999874],[4.5472207,52.2000748],[4.5472506,52.2001387],[4.5473012,52.200247],[4.5474038,52.2004496],[4.5473542,52.2004739],[4.547307,52.2004739],[4.5463684,52.2002358],[4.5460821,52.2001703],[4.5457657,52.2000979],[4.5451271,52.1999161],[4.5448566,52.1998535],[4.5446513,52.1998242],[4.5443517,52.1997791],[4.544089,52.1997444],[4.5439702,52.1997182],[4.5438882,52.1996949],[4.5437983,52.1996639],[4.5435374,52.1995328],[4.5433822,52.1994685],[4.5433249,52.1994504],[4.5431864,52.1993765],[4.5430956,52.1993287],[4.5429448,52.1992379],[4.5428641,52.1992051],[4.542777,52.1991985],[4.5426496,52.1992026],[4.5424873,52.1992511],[4.542376,52.1992544],[4.5422311,52.199182],[4.5421373,52.1991196],[4.5418959,52.198979],[4.5417215,52.1987875],[4.5417282,52.1986897],[4.5414714,52.1984406],[4.5413497,52.1983437],[4.5412764,52.1983052],[4.5411988,52.1982743],[4.5409699,52.1981915],[4.5404473,52.1979704],[4.5402188,52.1978676],[4.5400939,52.1978078],[4.5399845,52.1977898],[4.5397592,52.1977986],[4.5395922,52.1978003],[4.5395734,52.1978004],[4.5395532,52.1978006],[4.5388396,52.1978356],[4.5388028,52.1978969],[4.5386726,52.1979195],[4.5386181,52.1979327],[4.5385659,52.1979262],[4.5384898,52.1979271],[4.5383922,52.1979161],[4.5383393,52.1978706],[4.5382137,52.1977323],[4.5380267,52.1975674],[4.5379638,52.1974832],[4.5378868,52.1973707],[4.5378141,52.1973627],[4.5377877,52.1973527],[4.5377449,52.1973588],[4.5376727,52.197385],[4.5375679,52.1974199],[4.5375055,52.1974431],[4.53716,52.197574],[4.5370115,52.1974814],[4.5369663,52.1974557],[4.5369422,52.197441],[4.5369277,52.1974308],[4.5368845,52.1974005],[4.5368122,52.1973498],[4.5367138,52.1972553],[4.536543,52.1970772],[4.5365217,52.1970286],[4.5365136,52.1969965],[4.5366962,52.1967762],[4.5367244,52.1967775],[4.5367897,52.196777],[4.5368997,52.1968892],[4.5369731,52.196875],[4.5370018,52.1968565],[4.536964,52.1967928],[4.5370344,52.1964851],[4.5370289,52.196347],[4.5370003,52.1962145],[4.5369576,52.1961243],[4.5368572,52.1960309],[4.5367999,52.1960094],[4.5367318,52.196001],[4.5364854,52.1960512],[4.5365138,52.1960905],[4.5365956,52.1960662],[4.5366091,52.1960864],[4.5365508,52.1961374],[4.5364494,52.1961747],[4.5363156,52.1961903],[4.5362529,52.1961714],[4.5357224,52.1962173],[4.5356559,52.1962604],[4.535442,52.1962855],[4.5349064,52.1962517],[4.534856,52.1962293],[4.534798,52.1962288],[4.5344954,52.1961352],[4.5344083,52.1960862],[4.5343172,52.1959954],[4.5341592,52.195817],[4.5340687,52.1956962],[4.5339203,52.1955205],[4.5337559,52.1954043],[4.5332875,52.1951128],[4.5325871,52.1945901],[4.5318652,52.1939934],[4.531534,52.193708],[4.5308126,52.1930274],[4.5308594,52.1930914],[4.5309993,52.1932452],[4.5311665,52.1934143],[4.5311623,52.1934338],[4.5311348,52.1934461],[4.5310908,52.1934149],[4.5309634,52.1932834],[4.5307161,52.1930049],[4.5304723,52.1927265],[4.5303537,52.192483],[4.5301213,52.1921142],[4.5301134,52.1919306],[4.5299749,52.1918038],[4.5299098,52.1917152],[4.5299501,52.1917275],[4.5300971,52.1918651],[4.5302125,52.1919998],[4.5303001,52.1921322],[4.5303246,52.1922137],[4.5303642,52.192285],[4.5304172,52.192293],[4.5303576,52.1921298],[4.5302519,52.1919575],[4.5300124,52.1917067],[4.5299392,52.1916313],[4.5297754,52.1915258],[4.5297587,52.1915155],[4.5295625,52.1914049],[4.5292742,52.191275],[4.5290864,52.1911912],[4.5287239,52.1915557],[4.5278507,52.1918359],[4.5278561,52.1919499],[4.5278133,52.192024],[4.5277534,52.1920752],[4.5276502,52.1921175],[4.5275152,52.1921489],[4.5273819,52.1921515],[4.5273157,52.1921468],[4.5270437,52.1920431],[4.5257555,52.1915234],[4.524965,52.1911864],[4.5244718,52.190962],[4.5239899,52.190733],[4.5234711,52.1904764],[4.523093,52.1902989],[4.5225077,52.1899955],[4.5217902,52.1895717],[4.521539,52.189419],[4.5215189,52.1894068],[4.5211468,52.1891805],[4.5209106,52.1890133],[4.5205938,52.1887579],[4.5202183,52.188447],[4.5199831,52.1882338],[4.5198995,52.1881076],[4.5198988,52.1880314],[4.5199178,52.1879331],[4.5199717,52.1878692],[4.5200146,52.1878629],[4.5201005,52.1878197],[4.5201972,52.1877152],[4.5202562,52.1876845],[4.5202869,52.1876634],[4.520266,52.1876341],[4.5201825,52.1875168],[4.5201309,52.1874276],[4.5200739,52.1873297],[4.5199343,52.1872233],[4.5197885,52.1871315],[4.5196358,52.1870869],[4.5195359,52.1870502],[4.5193408,52.1870344],[4.5191937,52.1870547],[4.5190576,52.1870753],[4.5189624,52.1871109],[4.51892,52.187165],[4.5188109,52.1872081],[4.5187543,52.1872123],[4.518539,52.1872638],[4.5182366,52.1875037],[4.5182361,52.1875988],[4.5181746,52.1876588],[4.5179931,52.1876855],[4.5179078,52.1876261],[4.5174678,52.1876766],[4.5171353,52.1877102],[4.5170451,52.1877246],[4.5170113,52.1877781],[4.5169829,52.1878078],[4.5169236,52.1878292],[4.5168526,52.1878357],[4.5167641,52.1878314],[4.5166702,52.1878018],[4.5155866,52.1881278],[4.5148669,52.1887331],[4.5148802,52.1888158],[4.514864,52.188878],[4.5146889,52.1890352],[4.5145622,52.1891587],[4.5144711,52.1891322],[4.5143453,52.1891096],[4.5141341,52.1892864],[4.5137766,52.1895829],[4.5136785,52.1896279],[4.5135277,52.1896822],[4.5133774,52.1897133],[4.5132204,52.1897122],[4.5130712,52.189688],[4.5127436,52.1896072],[4.5121551,52.1894695],[4.511947,52.1894112],[4.5116964,52.1893669],[4.5114806,52.1893471],[4.511352,52.1893856],[4.5113328,52.1893913],[4.511247,52.1893703],[4.511207,52.1894085],[4.5111702,52.1894217],[4.511044,52.1894157],[4.5109984,52.1894471],[4.5109437,52.1893807],[4.5107949,52.1893857],[4.510688,52.1893996],[4.5106928,52.1894283],[4.5106618,52.1894379],[4.51055,52.1895508],[4.5104738,52.1895705],[4.5104422,52.1895804],[4.5104328,52.1896001],[4.5104196,52.1896284],[4.5104054,52.1896556],[4.5103705,52.1896492],[4.5103432,52.1896452],[4.5103347,52.1896591],[4.5103498,52.1896625],[4.5103724,52.1896822],[4.5103394,52.1896932],[4.5102645,52.1897167],[4.5102866,52.189747],[4.5102885,52.1897695],[4.5103045,52.1897938],[4.5102885,52.1898169],[4.5102801,52.1898351],[4.510298,52.189842],[4.5095557,52.1903983],[4.5095202,52.1904044],[4.5094763,52.1903992],[4.5094084,52.19039],[4.5094141,52.1903576],[4.5093415,52.1903553],[4.5092962,52.1903553],[4.5092614,52.1903772],[4.5091174,52.19055],[4.5091125,52.1908035],[4.5083972,52.1911847],[4.5083963,52.1912291],[4.508321,52.1913987],[4.5082342,52.1915854],[4.5081659,52.1916802],[4.5080648,52.1917544],[4.5079035,52.1919889],[4.5077949,52.1919994],[4.5076869,52.1920459],[4.5075984,52.1921038],[4.5075591,52.1921646],[4.5074683,52.1922269],[4.507421,52.1922904],[4.5073606,52.1923628],[4.5072962,52.1924328],[4.5072212,52.1924978],[4.5071083,52.192609],[4.5070967,52.1926505],[4.5071048,52.1926842],[4.5071413,52.1927077],[4.507174,52.1928011],[4.5071912,52.1929242],[4.5072287,52.193083],[4.5072936,52.1932455],[4.507402,52.1933537],[4.5075364,52.1934264],[4.5076923,52.1934554],[4.5077871,52.1933859],[4.5078846,52.1935047],[4.5079295,52.1935655],[4.5079186,52.1936362],[4.5078979,52.1936871],[4.5078548,52.1937261],[4.5078023,52.1937872],[4.5077822,52.1938226],[4.5077048,52.1939443],[4.5076851,52.193979],[4.5078857,52.194099],[4.5082151,52.1944397],[4.5084914,52.1946986],[4.5085877,52.1947678],[4.5088086,52.1949298],[4.5088563,52.1949648],[4.5090645,52.1950918],[4.5092302,52.1950831],[4.5094154,52.1950286],[4.5094938,52.195018],[4.5095703,52.1950234],[4.5096851,52.1950379],[4.5097754,52.195071],[4.5098351,52.1951098],[4.5100027,52.1952225],[4.5102008,52.1953909],[4.5103556,52.1955248],[4.5105874,52.1957326],[4.5105437,52.1957616],[4.5105898,52.1958037],[4.5106759,52.1958515],[4.5107043,52.1958573],[4.5107388,52.195847],[4.5108487,52.1959233],[4.5109278,52.1960046],[4.5109707,52.1961019],[4.5109331,52.1962116],[4.5109035,52.1962614],[4.5108217,52.1963139],[4.5107158,52.1963505],[4.5105823,52.1963801],[4.5104827,52.1963727],[4.510345,52.1963376],[4.509914,52.1962833],[4.5096476,52.1962547],[4.5094567,52.1962406],[4.5092788,52.1962522],[4.508971,52.1963179],[4.5087057,52.1964052],[4.5084391,52.1965476],[4.5081659,52.1966731],[4.5079307,52.1967627],[4.5077759,52.1967915],[4.5071093,52.1969504],[4.5074102,52.1971686],[4.5074241,52.1971786],[4.5074381,52.1971888],[4.5074479,52.1971959],[4.5074585,52.1972036],[4.5076554,52.1973463],[4.5076624,52.1973726],[4.5074673,52.197478],[4.5072465,52.1975861],[4.5071532,52.1975318],[4.506807,52.1977023],[4.5067183,52.1977399],[4.5068145,52.1978162],[4.5077087,52.1973855],[4.5078716,52.1974959],[4.5081628,52.197673],[4.5075408,52.1979966],[4.5069041,52.1983123],[4.5069221,52.1983313],[4.5082172,52.1977067],[4.5082433,52.1977234],[4.5082945,52.1977577],[4.5083473,52.1977922],[4.508386,52.1978106],[4.5085528,52.1979161],[4.5082221,52.1981165],[4.5083096,52.1981882],[4.5086159,52.1980324],[4.5085888,52.1980128],[4.5086737,52.1979686],[4.508772,52.198018],[4.5087251,52.1980536],[4.5087001,52.1980394],[4.5085779,52.1981085],[4.5085987,52.1981313],[4.5078503,52.1985147],[4.507897,52.1985501],[4.5077864,52.1986041],[4.5078097,52.1986239],[4.5079191,52.1985736],[4.5079492,52.1985961],[4.5080059,52.1985691],[4.5080888,52.1985296],[4.5081011,52.1985013],[4.5084246,52.198329],[4.5086378,52.1981758],[4.5087972,52.1980723],[4.5088657,52.1980429],[4.5089187,52.198041],[4.5092179,52.1980979],[4.5095443,52.1981914],[4.5098048,52.1982539],[4.5099279,52.1982848],[4.5101328,52.1983225],[4.5104298,52.1983731],[4.5108049,52.1984597],[4.5110007,52.1984923],[4.5115548,52.1986206],[4.5117696,52.1986822],[4.512236,52.1988011],[4.512337,52.1988212],[4.5125757,52.1989398],[4.5128085,52.1990351],[4.5129723,52.1990871],[4.5131872,52.1991238],[4.5136046,52.1991853],[4.5139584,52.1992582],[4.5145833,52.1994069],[4.5151074,52.199524],[4.5152148,52.1995402],[4.515329,52.1995489],[4.5155256,52.1995464],[4.5156591,52.1995241],[4.5158366,52.199533],[4.5160892,52.1995857],[4.5167328,52.1997581],[4.5173002,52.1999297],[4.5175334,52.2000056],[4.5177039,52.200042],[4.5178939,52.2000588],[4.5181208,52.2000737],[4.5182088,52.2000188],[4.5183559,52.1999189],[4.5185277,52.1998246],[4.5186079,52.199797],[4.5187041,52.1998001],[4.5188696,52.1998484],[4.5189831,52.1999342],[4.5191245,52.2000601],[4.5191435,52.2000877],[4.519176,52.2000966],[4.5193755,52.2003184],[4.5191784,52.2004317],[4.5191501,52.2004224],[4.5190526,52.2004819],[4.5191347,52.2005276],[4.5193452,52.2004377],[4.519415,52.2004001],[4.5194826,52.2004528],[4.5196828,52.2005284],[4.5199973,52.2006532],[4.520057,52.2006828],[4.5201416,52.200734],[4.5203136,52.2008544],[4.5203453,52.2008586],[4.5203614,52.2008449],[4.5204119,52.2007916],[4.5204766,52.2008061],[4.5207391,52.2008752],[4.5206942,52.200928],[4.5208625,52.2009708],[4.520895,52.2009162],[4.521029,52.2009515],[4.5209699,52.2010173],[4.5210371,52.2010386],[4.5211164,52.2009768],[4.5212681,52.2010212],[4.5214443,52.2010924],[4.5215254,52.2011593],[4.5217455,52.2013295],[4.5218003,52.201372],[4.5219726,52.2014803],[4.5221756,52.2015913],[4.5223066,52.2016631],[4.5224998,52.2017687],[4.5226131,52.2018268],[4.5227008,52.2018716],[4.5227988,52.2019158],[4.5228767,52.2019509],[4.5230657,52.2020223],[4.5231535,52.2020737],[4.5232281,52.2021482],[4.5232524,52.202207],[4.5232522,52.2022129],[4.5232503,52.2023121],[4.5232298,52.20239],[4.5231897,52.2024231],[4.5231783,52.2024323],[4.5232468,52.2024915],[4.523024,52.2025941],[4.522914,52.202645],[4.5227986,52.202718],[4.5227658,52.2027686],[4.5228396,52.202886],[4.5229304,52.2031089],[4.5229896,52.2033275],[4.5230294,52.2035697],[4.5230407,52.2036911],[4.5230504,52.2037666],[4.5230881,52.2037655],[4.5230907,52.2038956],[4.523156,52.2038996],[4.5231963,52.2038848],[4.5232088,52.2037785],[4.5232824,52.2037366],[4.5233789,52.2037172],[4.5237292,52.2036961],[4.5237627,52.2036798],[4.5238697,52.2036598],[4.5239782,52.2036134],[4.5239195,52.2035975],[4.5239199,52.2035737],[4.5241924,52.2035192],[4.5244405,52.2034763],[4.5246706,52.2034615],[4.5247962,52.2034713],[4.5249751,52.2035204],[4.5251583,52.2035519],[4.52528,52.2035847],[4.5254213,52.2036421],[4.5254754,52.2036802],[4.525518,52.2036995],[4.5259425,52.2039249],[4.5261007,52.2040221],[4.5261573,52.2040681],[4.5262177,52.2041314],[4.5262573,52.2042101],[4.5262888,52.2042811],[4.5262947,52.2044022],[4.5263017,52.2044629],[4.5263216,52.2044982],[4.5263784,52.204534],[4.5266383,52.2046887],[4.5268091,52.2047731],[4.5271056,52.2049522],[4.5272558,52.2050465],[4.5274098,52.2051488],[4.5274949,52.2052098],[4.5275724,52.2052432],[4.5276582,52.2052615],[4.5277525,52.2052723],[4.5278344,52.2052881],[4.5279037,52.2053139],[4.5279525,52.2053395],[4.5280133,52.2053776],[4.528184,52.2054749],[4.528387,52.2056],[4.52857,52.2056973],[4.5288079,52.2058123],[4.5289145,52.2058771],[4.5289803,52.2058969],[4.5291397,52.2059386],[4.529226,52.2059734],[4.529519,52.2061233],[4.5295944,52.2061657],[4.5296088,52.2062068],[4.5295957,52.2062301],[4.5295597,52.2062607],[4.5294678,52.2063022],[4.5294549,52.2063161],[4.5294569,52.2063439],[4.5294693,52.206355],[4.5295071,52.20636],[4.5295426,52.2063572],[4.5295997,52.2063239],[4.5296271,52.2063081],[4.5296882,52.2062866],[4.5297466,52.2062823],[4.5298093,52.206306],[4.5301101,52.2064852],[4.5301659,52.2065128],[4.5304138,52.2066548],[4.5305546,52.2067544],[4.5306573,52.2068428],[4.5307459,52.2069395],[4.5308001,52.2070191],[4.5308707,52.2071502],[4.5309173,52.2072576],[4.5309454,52.2074246],[4.5309691,52.2074588],[4.5310821,52.2075582],[4.5311058,52.2075968],[4.5311085,52.2076373],[4.5310859,52.2077206],[4.5310424,52.2078146],[4.5309852,52.2078954],[4.5309775,52.2079338],[4.5309942,52.2079702],[4.531055,52.2080627],[4.5311775,52.2082156],[4.5312996,52.2083799],[4.5313613,52.2084295],[4.5314786,52.2084883],[4.5316204,52.20853],[4.5318595,52.2086166],[4.5322249,52.2087737],[4.5323316,52.2088419],[4.5324448,52.2089284],[4.5325853,52.2090406],[4.5327082,52.2091676],[4.5327897,52.2092775],[4.5328395,52.2093998],[4.5329046,52.2096322],[4.5329492,52.209671],[4.5330217,52.2097016],[4.5330839,52.2097254],[4.5331425,52.2097581],[4.5331592,52.2097922],[4.5335251,52.210106],[4.5335796,52.2101278],[4.5336272,52.210156],[4.5339949,52.2104614],[4.5340532,52.2105225],[4.5344738,52.2108736],[4.5352051,52.2114884],[4.5352299,52.2115234],[4.5352405,52.2115625],[4.535228,52.2116234],[4.5352011,52.2116979],[4.5351915,52.2117571],[4.5352244,52.2118129],[4.5353114,52.2118518],[4.5354018,52.2118577],[4.5354611,52.2118649],[4.5356855,52.2120536],[4.5358335,52.2121555],[4.5359877,52.2122367],[4.5361112,52.2122881],[4.5362032,52.2123652],[4.5363223,52.2124947],[4.5364091,52.2125492],[4.536505,52.212569],[4.5366409,52.2125666],[4.5367827,52.2125519],[4.5368859,52.2125563],[4.5369788,52.2125865],[4.5370459,52.2126269],[4.5370819,52.2126723],[4.537085,52.212758],[4.5371308,52.2127963],[4.5372997,52.2126739],[4.5373855,52.212631],[4.5374826,52.2125865],[4.5376108,52.2125422],[4.5377358,52.2125223],[4.5378291,52.2125246],[4.5378621,52.2125305],[4.5379307,52.2125428],[4.5379734,52.2125276],[4.5379797,52.2124996],[4.5379662,52.2124649],[4.5379679,52.2124473],[4.5379697,52.2124301],[4.5380141,52.2123956],[4.5383113,52.2122551],[4.5386765,52.2120979],[4.5389785,52.2119973],[4.5391662,52.21195],[4.5395146,52.2118654],[4.5397078,52.2118253],[4.5399152,52.2117866],[4.5401027,52.211748],[4.5402018,52.2117471],[4.5402992,52.2117582],[4.5405049,52.2118136],[4.5406972,52.211822],[4.5409068,52.2118111],[4.5409524,52.211794],[4.5410506,52.2116939],[4.5412212,52.2115047],[4.5412931,52.2114409],[4.5415659,52.2112411],[4.5421515,52.2107383],[4.5423153,52.2107533],[4.5424704,52.2107858],[4.5426194,52.2108372],[4.5428158,52.2109257],[4.5429043,52.2109628],[4.542986,52.2109791],[4.5430674,52.2110249],[4.5431314,52.211064],[4.5432372,52.2110836],[4.5433004,52.2111105],[4.5433986,52.2111281],[4.5435623,52.2111238],[4.5436834,52.2111183],[4.5438033,52.2111726],[4.5439354,52.2112207],[4.5440939,52.2112929],[4.5442285,52.2113635],[4.5443178,52.2114285],[4.5443705,52.2114865],[4.5444741,52.2115462],[4.5445948,52.2116027],[4.5447886,52.2116779],[4.5449208,52.2117224],[4.5450724,52.2117878],[4.5452392,52.2118794],[4.5453539,52.2119516],[4.5454515,52.2120307],[4.5455458,52.2121322],[4.54562,52.2122456],[4.5456471,52.2123146],[4.5456568,52.2123964],[4.5456241,52.2124779],[4.5455811,52.2125088],[4.5454866,52.2125674],[4.5454006,52.2126241],[4.5453148,52.212667],[4.5452743,52.2127136],[4.5452559,52.2127919],[4.5452336,52.2129212],[4.5451944,52.2130515],[4.5451232,52.2132212],[4.5451092,52.2133638],[4.5451288,52.2136726],[4.5451786,52.2137373],[4.5452744,52.2139034],[4.5453591,52.2140709],[4.5453916,52.2141487],[4.5454207,52.2142584],[4.5454305,52.2143382],[4.5456178,52.2146146],[4.5457108,52.2147795],[4.545735,52.2148511],[4.5457562,52.2149259],[4.5457689,52.2150024],[4.5457905,52.2150585],[4.5458371,52.2151386],[4.5458872,52.2151841],[4.5459565,52.2152082],[4.5459745,52.2152145],[4.5460671,52.2152551],[4.5461312,52.2153061],[4.5462172,52.2153997],[4.5463444,52.2155587],[4.5463864,52.2156582],[4.5463909,52.2157192],[4.5463697,52.2157937],[4.5463791,52.2158966],[4.5463739,52.2160173],[4.5463646,52.2160642],[4.5464086,52.2161342],[4.5466805,52.2164248],[4.5467362,52.2164738],[4.5468255,52.2165371],[4.5468925,52.2165957],[4.5469784,52.2166868],[4.5470763,52.2167518],[4.5471324,52.2167957],[4.5471684,52.2168238],[4.547255,52.2168854],[4.5473553,52.2169712],[4.5474331,52.2170431],[4.5474601,52.2171163],[4.5474556,52.2171362],[4.5474477,52.217171],[4.5474244,52.217211],[4.5477086,52.2176044],[4.547773,52.2176932],[4.5478649,52.2177241],[4.5479971,52.2177506],[4.5482092,52.2178615],[4.5484201,52.2179268],[4.5486883,52.2180558],[4.5488051,52.2181609],[4.5489555,52.2182346],[4.5491409,52.218295],[4.5492999,52.2183024],[4.5493624,52.218194],[4.5494445,52.2181212],[4.5495405,52.2181289],[4.5496406,52.2181719],[4.5497094,52.2181659],[4.5497046,52.2182196],[4.5498107,52.2182402],[4.5501715,52.2183297],[4.5502092,52.218267],[4.5504194,52.2182907],[4.5506034,52.2184473],[4.5506687,52.2184278],[4.5507095,52.2183262],[4.5507235,52.2183008],[4.5507684,52.2182885],[4.5509159,52.2183429],[4.5509895,52.21837],[4.551026,52.2183517],[4.5510114,52.218301],[4.551037,52.218261],[4.5511533,52.2182238],[4.5512226,52.2182441],[4.551234,52.2183085],[4.5512641,52.2183626],[4.5513547,52.2184451],[4.5514884,52.2186475],[4.5514946,52.2186877],[4.5514671,52.2187183],[4.5514052,52.2187244],[4.5513933,52.218784],[4.5514686,52.2187789],[4.5515388,52.2188055],[4.5516228,52.2188581],[4.5516952,52.2189229],[4.5517801,52.2189859],[4.5518437,52.2190111],[4.5519057,52.2190202],[4.5519934,52.2190262],[4.5520328,52.219041],[4.5520437,52.2190619],[4.5520374,52.219095],[4.5519371,52.2191569],[4.5519111,52.2191879],[4.5519108,52.2192073],[4.5519216,52.2192169],[4.5519302,52.2192246],[4.5519614,52.2192197],[4.551993,52.2191972],[4.5520334,52.2191559],[4.5520795,52.2191144],[4.5521139,52.2190955],[4.5521561,52.2191062],[4.5521811,52.2191292],[4.55218,52.2191898],[4.5522004,52.2192335],[4.5522304,52.2192466],[4.5522819,52.2192689],[4.5523237,52.2193024],[4.5525095,52.2193593],[4.5527318,52.2194305],[4.552918,52.2194647],[4.5530932,52.2194817],[4.5533964,52.2195007],[4.5534675,52.2195225],[4.5535088,52.2195353],[4.5536551,52.2196147],[4.5538034,52.219675],[4.5538715,52.2197211],[4.5538674,52.2197888],[4.5538464,52.2198513],[4.5538052,52.2199381],[4.5537899,52.2199792],[4.5537724,52.2200263],[4.5537228,52.220106],[4.5536811,52.2202119],[4.5536512,52.2203021],[4.5535978,52.2204279],[4.5534904,52.2207192],[4.5534514,52.2208355],[4.5534305,52.2209938],[4.5534251,52.2210345],[4.553403,52.2210565],[4.5533598,52.2211542],[4.5534298,52.2212092],[4.5534702,52.2212202],[4.5534931,52.221215],[4.5535281,52.2211768],[4.5535566,52.2211295],[4.5535775,52.2210634],[4.5537086,52.2207095],[4.5538454,52.2203591],[4.5540172,52.2199542],[4.554026,52.219941],[4.5540667,52.2198798],[4.5541502,52.2198057],[4.5541737,52.2197815],[4.5541885,52.2197747],[4.5542448,52.2197488],[4.5543327,52.2197339],[4.5544091,52.2197415],[4.55455,52.2197978],[4.5545593,52.2198015],[4.5546469,52.2198162],[4.5547542,52.219829],[4.5550111,52.2198674],[4.5551435,52.2199014],[4.5552757,52.2199476],[4.5554639,52.2200307],[4.5554834,52.2200433],[4.55552,52.220067],[4.5555533,52.2200886],[4.5556231,52.22015],[4.5556474,52.2202075],[4.5556349,52.2202768],[4.5565304,52.2192417],[4.5569856,52.2189913],[4.5577513,52.218794],[4.5588783,52.2186059],[4.5587421,52.2183586],[4.558705,52.2183466],[4.5589702,52.2182902],[4.5589314,52.2182178],[4.5590477,52.2181872],[4.5590083,52.21806],[4.5586294,52.2181379],[4.5585792,52.218014],[4.5590834,52.2179121],[4.5590224,52.2178044],[4.5587917,52.2178554],[4.5587803,52.2178451],[4.5585973,52.2178792],[4.5586026,52.217896],[4.5583311,52.2179527],[4.5582875,52.2179503],[4.5582506,52.2179585],[4.5582325,52.2179211],[4.5583069,52.2179034],[4.5587924,52.2177995],[4.558781,52.2177662],[4.5588112,52.2177564],[4.5587917,52.2177251],[4.5587535,52.2177313],[4.5587368,52.2176952],[4.5586166,52.2177213],[4.5585381,52.217583],[4.5581087,52.2176733],[4.5580611,52.2175991],[4.5583596,52.2175422],[4.5583166,52.2174555],[4.5581765,52.2174813],[4.5581164,52.2174034],[4.5581022,52.217385],[4.5579424,52.2171583],[4.5579014,52.217048],[4.5578881,52.2170122],[4.5581822,52.2169597],[4.5581612,52.2168921],[4.55786,52.2169345],[4.5578139,52.2168246],[4.5577858,52.216763],[4.5577173,52.2166127],[4.5576665,52.2164576],[4.5576554,52.2164098],[4.5576473,52.2163826],[4.5576566,52.2163704],[4.5577591,52.216363],[4.5577554,52.2163322],[4.5576516,52.2163393],[4.5576523,52.2163027],[4.5576713,52.2161967],[4.5577158,52.2160875],[4.5577397,52.216018],[4.5578174,52.2159542],[4.5578655,52.2159049],[4.5580199,52.2159205],[4.5580174,52.2158966],[4.5578685,52.2158757],[4.557902,52.2158065],[4.5579412,52.2156899],[4.5579544,52.2156492],[4.5578872,52.2156439],[4.5579233,52.2155343],[4.5580013,52.2155387],[4.5582426,52.2155514],[4.5582477,52.2155096],[4.5581303,52.215502],[4.5581326,52.2154772],[4.5581355,52.215439],[4.5580733,52.2154352],[4.5580605,52.2153601],[4.5580461,52.2150741],[4.5582249,52.2150476],[4.5582146,52.2149919],[4.5582012,52.2149516],[4.5581174,52.2149574],[4.5581109,52.2148995],[4.5580204,52.2149062],[4.5579968,52.2148328],[4.5579551,52.21483],[4.5578766,52.2147218],[4.5578718,52.2147152],[4.5578698,52.214702],[4.5578767,52.2146854],[4.5579528,52.2146698],[4.5579521,52.214658],[4.5579701,52.2146506],[4.5580423,52.2146537],[4.5581392,52.2146421],[4.5581764,52.2146374],[4.5581997,52.2146471],[4.5582832,52.2146235],[4.5583021,52.2146169],[4.5583358,52.2146287],[4.5583641,52.2146244],[4.5583444,52.2145821],[4.5582873,52.2145977],[4.5582276,52.2145751],[4.5581365,52.2145188],[4.5581192,52.2145081],[4.5581055,52.2144917],[4.5580682,52.214476],[4.5580095,52.2144561],[4.5579826,52.2144875],[4.5580112,52.2145093],[4.5580126,52.2145217],[4.5579055,52.2145537],[4.557842,52.2145423],[4.5578392,52.2145295],[4.5578275,52.214517],[4.5578046,52.2145],[4.5576926,52.2144495],[4.5575711,52.2143972],[4.5574958,52.2143681],[4.5574492,52.2144415],[4.5572539,52.2144036],[4.556908,52.2143209],[4.5568128,52.2144158],[4.5567975,52.2144082],[4.5566535,52.2143518],[4.5564688,52.2142767],[4.5563596,52.2142248],[4.5562283,52.214158],[4.5561466,52.2141171],[4.5559689,52.2140567],[4.5559287,52.2140247],[4.5556881,52.2137932],[4.5557158,52.2137778],[4.5556772,52.2137297],[4.5561393,52.2136211],[4.556099,52.2135626],[4.5556104,52.2136719],[4.5556072,52.2136677],[4.5555455,52.2136116],[4.5554643,52.213538],[4.5553846,52.213467],[4.5551905,52.2132914],[4.5551368,52.2132421],[4.5550939,52.2131271],[4.5550004,52.2128798],[4.5549933,52.212862],[4.5549961,52.2127924],[4.5549987,52.2127272],[4.554957,52.2126904],[4.5548961,52.212617],[4.5547532,52.2123828],[4.5547236,52.2123028],[4.5547163,52.2122418],[4.554751,52.2121986],[4.5548167,52.2121678],[4.5550834,52.2121366],[4.5551757,52.2121282],[4.5552591,52.2121204],[4.5553983,52.2121254],[4.5555759,52.2121031],[4.5556322,52.2121204],[4.5557316,52.2121078],[4.5558417,52.2120939],[4.5558622,52.2121591],[4.5559139,52.2121505],[4.5559097,52.212101],[4.5560204,52.2120877],[4.5561903,52.2120665],[4.556228,52.2121116],[4.5563615,52.212097],[4.5564198,52.21206],[4.5565767,52.2119724],[4.5567482,52.2118831],[4.5569542,52.2117667],[4.5570337,52.2117257],[4.5572074,52.2116361],[4.5572228,52.2116303],[4.5572591,52.2116165],[4.5572826,52.2116102],[4.5573122,52.2116055],[4.5575551,52.2115669],[4.557633,52.2115485],[4.5577788,52.2115218],[4.5578719,52.2115031],[4.5579762,52.2115334],[4.5581673,52.211599],[4.5582686,52.2118708],[4.5583808,52.2122556],[4.558359,52.2122885],[4.5583117,52.2123126],[4.5582552,52.2123336],[4.5581681,52.2123546],[4.5581585,52.2123675],[4.5581826,52.212479],[4.558618,52.2124271],[4.5584996,52.212157],[4.558393,52.2118427],[4.5583415,52.2116753],[4.5583089,52.2115975],[4.5582617,52.2115503],[4.5581944,52.2115133],[4.5581017,52.2114778],[4.5580624,52.2114584],[4.5580437,52.211401],[4.5580653,52.2113],[4.5581121,52.2112223],[4.5582266,52.2111517],[4.5583011,52.2111186],[4.5585348,52.2110148],[4.5585861,52.2109995],[4.5586597,52.211],[4.5587489,52.2110703],[4.5588592,52.2112326],[4.5592896,52.2119089],[4.5595191,52.2122412],[4.55956,52.2122871],[4.5596003,52.2123008],[4.559707,52.2122902],[4.5598212,52.2122812],[4.5598305,52.2122585],[4.5597855,52.2122039],[4.5597498,52.2121583],[4.5596973,52.2121452],[4.5596242,52.2121281],[4.5595552,52.2120871],[4.5592889,52.2116454],[4.5592335,52.2115728],[4.5589718,52.2111901],[4.5588701,52.2110276],[4.5588426,52.2109805],[4.5588591,52.2109379],[4.5588634,52.2109267],[4.5589267,52.2108713],[4.5591374,52.2108084],[4.5593452,52.2107589],[4.5594425,52.2107596],[4.5595319,52.2108056],[4.5596611,52.2109556],[4.5599453,52.2113058],[4.5601789,52.2116124],[4.5602029,52.2116095],[4.5604273,52.2118988],[4.5606515,52.2121672],[4.5606954,52.212172],[4.5607919,52.2121657],[4.5608459,52.2121643],[4.5609101,52.2121339],[4.5608644,52.2120859],[4.5608646,52.2120649],[4.5606516,52.211997],[4.5597182,52.2108543],[4.5595802,52.2106796],[4.5595004,52.2106572],[4.5593911,52.210658],[4.5590647,52.2107446],[4.5589755,52.2107261],[4.5589129,52.2106675],[4.5589028,52.2106391],[4.5590862,52.2103734],[4.5590518,52.2102142],[4.5590507,52.2101861],[4.559049,52.2100826],[4.5590613,52.2100085],[4.559033,52.2099901],[4.5590424,52.2099813],[4.5590296,52.2099703],[4.5590237,52.2099652],[4.5591313,52.2098721],[4.5591699,52.2098526],[4.5592536,52.209793],[4.5592496,52.2097859],[4.5593034,52.2097438],[4.5594075,52.2098306],[4.5594605,52.2098063],[4.5594311,52.2097616],[4.5594118,52.2097461],[4.5592526,52.2096363],[4.5588489,52.20927],[4.5586377,52.2090615],[4.5585518,52.2089679],[4.558488,52.2088927],[4.5584279,52.2087741],[4.5583978,52.2087199],[4.5583365,52.2086689],[4.5582357,52.2086109],[4.5581543,52.2085772],[4.5581094,52.2085544],[4.5580649,52.2085069],[4.5580544,52.2084636],[4.5580755,52.2083991],[4.5580818,52.2083924],[4.558139,52.2083302],[4.5581817,52.2082881],[4.5582067,52.2082635],[4.5582194,52.2082546],[4.558353,52.2081601],[4.5584925,52.2080986],[4.5586397,52.2080001],[4.5586835,52.2078964],[4.5587273,52.20782],[4.5587456,52.2077525],[4.5587649,52.2076228],[4.5588107,52.2074744],[4.5588027,52.2073526],[4.5587114,52.2072231],[4.5586862,52.2071851],[4.5586638,52.2071437],[4.5586119,52.2071097],[4.5585396,52.2070306],[4.5584384,52.2069301],[4.558358,52.2068052],[4.5583654,52.2067358],[4.5583162,52.2066433],[4.5583028,52.2066014],[4.5583149,52.2065624],[4.5583554,52.2065138],[4.5584316,52.2064804],[4.5584638,52.206466],[4.5585723,52.2064128],[4.5587263,52.206353],[4.558803,52.2063344],[4.5588936,52.2063387],[4.5589526,52.2063599],[4.5590253,52.2064039],[4.5591887,52.2065217],[4.5592594,52.2065764],[4.5593449,52.20665],[4.5594811,52.2067827],[4.559605,52.2069035],[4.5597142,52.2069891],[4.5597932,52.2070464],[4.5598406,52.2070801],[4.559999,52.207163],[4.5601769,52.2072617],[4.5603437,52.2073463],[4.5604223,52.2073797],[4.5605786,52.207499],[4.5606677,52.2075601],[4.5607072,52.207587],[4.5608417,52.2076646],[4.5609906,52.2077221],[4.5612126,52.2077781],[4.5613685,52.2078402],[4.5614341,52.2078687],[4.5616299,52.2079432],[4.5616645,52.2079952],[4.5617814,52.2080425],[4.561807,52.208032],[4.5618246,52.2080027],[4.5619012,52.2079163],[4.5619542,52.2078691],[4.5620551,52.2078696],[4.5622884,52.207881],[4.5624405,52.2078765],[4.5625336,52.2078592],[4.5626226,52.2078454],[4.5627247,52.2077748],[4.5628298,52.2076923],[4.5628233,52.2076409],[4.5628573,52.2076343],[4.5628555,52.2075784],[4.5628763,52.2075317],[4.5629165,52.2074971],[4.5629791,52.2074804],[4.5630836,52.2074879],[4.5631737,52.2075163],[4.5632557,52.2075281],[4.5632753,52.2075311],[4.5633857,52.2075319],[4.5635049,52.2075136],[4.563739,52.2074003],[4.5638032,52.2073817],[4.5638878,52.2073893],[4.5639131,52.2074032],[4.5639741,52.20747],[4.5640548,52.2075452],[4.5641331,52.2075944],[4.5643071,52.2076773],[4.5643802,52.2077056],[4.5645185,52.2077277],[4.5646309,52.2077683],[4.5647656,52.2078302],[4.5649068,52.20792],[4.5649356,52.2079432],[4.5649822,52.2079812],[4.5650096,52.2080336],[4.5650228,52.2080756],[4.5650587,52.2081278],[4.5651006,52.2081671],[4.5651394,52.2082033],[4.565271,52.2082773],[4.5653468,52.2083152],[4.565475,52.2084222],[4.5655891,52.2085255],[4.5656971,52.2086603],[4.5657255,52.2088065],[4.5657375,52.2089212],[4.5657525,52.209032],[4.565793,52.2091348],[4.5658594,52.2092187],[4.5659598,52.2093028],[4.5660209,52.2093608],[4.5660761,52.2094429],[4.5661168,52.209532],[4.566184,52.2096532],[4.5662175,52.2096759],[4.5663185,52.2097255],[4.5665572,52.2098246],[4.566695,52.2098742],[4.5669089,52.20994],[4.567041,52.2099931],[4.5671531,52.2100546],[4.5672818,52.2101375],[4.567401,52.2101965],[4.5676289,52.2102694],[4.5677983,52.210295],[4.567999,52.2103068],[4.568152,52.2102975],[4.5683366,52.2102639],[4.5684487,52.2102473],[4.5687792,52.2102878],[4.5689004,52.2103094],[4.5689425,52.2103307],[4.5689672,52.2103778],[4.569318,52.2109238],[4.5693146,52.2109532],[4.5692714,52.2109982],[4.5692651,52.2110313],[4.5692984,52.2110643],[4.5693521,52.2110734],[4.569803,52.2110243],[4.5698738,52.2110248],[4.5699668,52.2110448],[4.5700257,52.2110711],[4.570065,52.2110924],[4.5700993,52.2111325],[4.5702662,52.2113842],[4.570363,52.2115093],[4.5703921,52.2115601],[4.5704617,52.2116822],[4.5705299,52.211827],[4.5706157,52.2119318],[4.5707158,52.2120317],[4.5708281,52.2121532],[4.5708608,52.2121861],[4.5709227,52.212248],[4.5710343,52.2123392],[4.571143,52.2124234],[4.5712546,52.2125163],[4.5713883,52.2126383],[4.5714829,52.2127291],[4.5716381,52.2128695],[4.5719311,52.2131341],[4.5719607,52.2131562],[4.5720777,52.2132438],[4.5721327,52.2132709],[4.5721563,52.2132794],[4.5722108,52.2132523],[4.5721747,52.2132043],[4.5721077,52.2131553],[4.5720518,52.2131035],[4.5716624,52.212741],[4.5716432,52.2127111],[4.571655,52.21268],[4.5717123,52.2126439],[4.5719219,52.2124748],[4.5719733,52.2124561],[4.5720582,52.2124584],[4.5722134,52.2124822],[4.572507,52.2125241],[4.5728374,52.2125646],[4.5735115,52.2126215],[4.573582,52.2126377],[4.5735985,52.2126639],[4.5736221,52.2127719],[4.5737782,52.2130547],[4.5738364,52.2131245],[4.5738864,52.2131788],[4.5739357,52.2132625],[4.574002,52.2133579],[4.5740662,52.2134002],[4.5741646,52.2134391],[4.5743779,52.2135448],[4.5745586,52.2136452],[4.5748415,52.2138106],[4.5749672,52.2139019],[4.5751744,52.2140278],[4.5753711,52.2141055],[4.5754665,52.2141514],[4.5755309,52.2141884],[4.5756244,52.2142623],[4.57573,52.2143706],[4.5758126,52.2145001],[4.5758421,52.2145879],[4.575829,52.2146836],[4.5757877,52.2147738],[4.5757241,52.2148534],[4.575636,52.2150267],[4.5756115,52.2151307],[4.5755876,52.2151977],[4.575464,52.2152977],[4.57535,52.2153368],[4.5750544,52.2154061],[4.5748118,52.2155106],[4.5746067,52.2155822],[4.5745267,52.2156235],[4.5744108,52.2156957],[4.5742994,52.2157531],[4.5739868,52.21597],[4.5738268,52.2160543],[4.573561,52.2161882],[4.5733602,52.2161831],[4.5733015,52.2161411],[4.5733076,52.2161134],[4.5733775,52.2160094],[4.5734056,52.2159144],[4.57342,52.2158496],[4.5734167,52.215845],[4.5734071,52.215838],[4.5733923,52.2158324],[4.573351,52.2158309],[4.5733394,52.215832],[4.5733147,52.2158369],[4.5732744,52.2158539],[4.5732137,52.2159034],[4.5731826,52.2159973],[4.5731556,52.2160817],[4.5731508,52.2160966],[4.5730864,52.2161579],[4.5730183,52.2162226],[4.5729581,52.2162657],[4.5729067,52.2162966],[4.572875,52.2163199],[4.5728627,52.2163755],[4.5728475,52.2164276],[4.572779,52.2164853],[4.572657,52.2165809],[4.5726141,52.2166128],[4.5724658,52.2167171],[4.5722132,52.2169033],[4.5721285,52.2169678],[4.5728057,52.2170668],[4.5733384,52.2171436],[4.5733533,52.2171038],[4.5734049,52.2170606],[4.5735395,52.2169781],[4.5736996,52.2168975],[4.5738908,52.2168137],[4.5744612,52.2165904],[4.5747119,52.2164896],[4.5752266,52.2162861],[4.5756855,52.216118],[4.5758305,52.2160774],[4.5759926,52.216042],[4.5760947,52.216027],[4.5762916,52.2160213],[4.5763934,52.2160307],[4.5764949,52.2160471],[4.5766724,52.2160936],[4.5768078,52.216124],[4.5769487,52.2161615],[4.5770722,52.2162146],[4.5771648,52.216257],[4.5772382,52.2162679],[4.5774067,52.2162691],[4.5774801,52.2162783],[4.5775505,52.2163029],[4.5776543,52.2163542],[4.5777635,52.2164159],[4.5778648,52.2164531],[4.5779467,52.2164658],[4.5780684,52.2164683],[4.5781876,52.21645],[4.5783185,52.216411],[4.5783984,52.216375],[4.5784856,52.2163251],[4.5786033,52.2162444],[4.5786492,52.2162046],[4.5786523,52.2161889],[4.5785989,52.2161658],[4.5785511,52.21615],[4.5785377,52.2161063],[4.5785528,52.2160579],[4.5785899,52.2160407],[4.5787172,52.2160416],[4.5787684,52.2160296],[4.5787749,52.2160262],[4.5788285,52.2159971],[4.5788772,52.2159643],[4.578932,52.2159074],[4.5789699,52.215845],[4.5789851,52.2157912],[4.5789891,52.2157252],[4.5789738,52.2156327],[4.5789498,52.2155466],[4.5788947,52.2154678],[4.5788418,52.2154222],[4.5787799,52.2153977],[4.578622,52.2153601],[4.5784671,52.2153171],[4.5783238,52.2152656],[4.5781748,52.2152003],[4.5780849,52.2151668],[4.5779157,52.2151308],[4.5777476,52.2150339],[4.5775761,52.2149509],[4.5775638,52.214945],[4.5774221,52.2149507],[4.5773515,52.2149435],[4.5772841,52.2149133],[4.5772452,52.2148748],[4.5772205,52.2148277],[4.5771991,52.2147596],[4.5771865,52.2146761],[4.5771771,52.2146567],[4.5771647,52.2146307],[4.5771147,52.2145801],[4.5770369,52.2144959],[4.5769902,52.2144192],[4.5769546,52.2143492],[4.5769333,52.2142789],[4.5769056,52.2140925],[4.5768776,52.2139235],[4.5768506,52.2138452],[4.5768261,52.2137911],[4.5767736,52.2137264],[4.5767318,52.2136834],[4.5766677,52.2136344],[4.5765077,52.2135549],[4.5763059,52.213444],[4.5761676,52.2133473],[4.5761035,52.2132929],[4.5760958,52.2132496],[4.5761575,52.2132011],[4.5763022,52.2131814],[4.5765294,52.2131428],[4.5770904,52.213032],[4.5771815,52.2130057],[4.5773122,52.2129804],[4.5775095,52.212947],[4.5775842,52.2128885],[4.5777293,52.2128476],[4.5779055,52.2128106],[4.5780107,52.2127852],[4.5781185,52.2127719],[4.5782263,52.2127553],[4.5782664,52.2127347],[4.578346,52.2127128],[4.578391,52.2127252],[4.5784218,52.2127499],[4.5784269,52.212776],[4.5784981,52.2127521],[4.5785227,52.2127261],[4.5785322,52.2126706],[4.5785618,52.2126019],[4.5785963,52.212571],[4.578645,52.2125365],[4.5787533,52.2124954],[4.5788528,52.2124719],[4.5789379,52.2124621],[4.5790711,52.212456],[4.5791841,52.2124601],[4.579571,52.2125134],[4.5796531,52.2125139],[4.579805,52.2124922],[4.5799441,52.212469],[4.5800857,52.2124629],[4.5801358,52.2124638],[4.580213,52.2124655],[4.5802969,52.2124613],[4.5804625,52.2124215],[4.5806468,52.2123644],[4.5808035,52.2123472],[4.5809775,52.212334],[4.5810653,52.2123489],[4.5811713,52.2123277],[4.5813053,52.2123296],[4.5814267,52.2123567],[4.5815537,52.2123989],[4.5816124,52.2124946],[4.5815979,52.2125824],[4.5815621,52.2126514],[4.58145,52.2127087],[4.5814835,52.2127395],[4.5817354,52.2126713],[4.5818304,52.2126885],[4.5819067,52.2127206],[4.5819864,52.2128455],[4.5820182,52.2128541],[4.5820902,52.2128397],[4.582017,52.2127173],[4.5822099,52.2126935],[4.5824109,52.2126811],[4.5828714,52.2126729],[4.5830903,52.2125968],[4.5832257,52.212573],[4.5836582,52.2124481],[4.5839589,52.2123591],[4.5841862,52.2122892],[4.5843058,52.2122686],[4.5845194,52.212246],[4.584757,52.2122458],[4.5848661,52.2122458],[4.5850735,52.2122596],[4.5853095,52.2122576],[4.5855294,52.2122717],[4.5857703,52.2123011],[4.585889,52.2123514],[4.5859584,52.2123584],[4.5860689,52.2123489],[4.5861142,52.2123459],[4.5863482,52.2123163],[4.5865263,52.2122858],[4.5867686,52.2122381],[4.586976,52.2121776],[4.5871001,52.2121327],[4.5871689,52.2120982],[4.5872262,52.2120793],[4.5872898,52.2120692],[4.5873374,52.2120785],[4.5873961,52.2121197],[4.587417,52.2121144],[4.5874355,52.2121097],[4.5874065,52.2120306],[4.5874157,52.2120169],[4.5876982,52.2119637],[4.5877025,52.2119629],[4.5878181,52.2120944],[4.587842,52.2120899],[4.5878629,52.212086],[4.5878337,52.212019],[4.5878407,52.2119898],[4.5878566,52.2119689],[4.5888057,52.211737],[4.5889448,52.2117155],[4.5891747,52.2117218],[4.5892958,52.2117412],[4.5894812,52.2117844],[4.5896403,52.2118544],[4.5897284,52.2119127],[4.589749,52.2119693],[4.5894154,52.2120722],[4.589313,52.2121152],[4.5893099,52.2121566],[4.5894483,52.2124285],[4.5896672,52.2127896],[4.5896716,52.2128186],[4.5896548,52.2128381],[4.5895349,52.2128703],[4.589482,52.2128982],[4.589515,52.2129392],[4.5896829,52.2129349],[4.5898135,52.2130672],[4.5898201,52.2131022],[4.5897496,52.2131472],[4.5897302,52.2131708],[4.5897203,52.2131863],[4.5897431,52.2132267],[4.5897749,52.2132175],[4.5897783,52.2131742],[4.589808,52.2131524],[4.5898832,52.2131182],[4.5899042,52.2130907],[4.5898906,52.2130595],[4.5898552,52.2130161],[4.5898241,52.21298],[4.5897462,52.212889],[4.5899011,52.2128508],[4.5901674,52.2127844],[4.5903372,52.2127309],[4.5903502,52.212736],[4.5903689,52.2127645],[4.5905428,52.2128561],[4.5905647,52.2128573],[4.5906537,52.2129313],[4.5908915,52.2131488],[4.5908801,52.2131571],[4.5909122,52.2131811],[4.5909506,52.2131606],[4.5911289,52.2132901],[4.5910698,52.2133358],[4.5910974,52.2133479],[4.5911201,52.2133585],[4.5911701,52.2133275],[4.5912412,52.2133492],[4.5914271,52.2134553],[4.591452,52.2134799],[4.5914207,52.213498],[4.591252,52.2134251],[4.591226,52.2134402],[4.5913243,52.2135045],[4.5913261,52.2135227],[4.5911599,52.2135713],[4.5910071,52.2136075],[4.5909693,52.213604],[4.5909315,52.2135246],[4.5908319,52.2134957],[4.5908102,52.2134791],[4.5908092,52.2134661],[4.590815,52.2134573],[4.5909458,52.2134156],[4.5909318,52.2133967],[4.5907357,52.2134573],[4.5906673,52.2134409],[4.5905537,52.21336],[4.5905268,52.2133603],[4.5904846,52.2133831],[4.5905114,52.2133989],[4.5905848,52.2134476],[4.590656,52.2134889],[4.5907821,52.2135388],[4.5908275,52.2136051],[4.5908803,52.2136587],[4.5909229,52.2136822],[4.5909623,52.2136982],[4.5910165,52.213695],[4.5911154,52.2136614],[4.5912137,52.2136555],[4.5914804,52.213569],[4.5915604,52.2136213],[4.5915971,52.2136042],[4.5915153,52.2135566],[4.5915349,52.213537],[4.5916803,52.2135481],[4.5918578,52.2135961],[4.591914,52.2136224],[4.5920966,52.2136924],[4.5922636,52.2137536],[4.5923483,52.213807],[4.5923974,52.2138463],[4.5922937,52.2139323],[4.592185,52.2139704],[4.5919868,52.214021],[4.5916764,52.2141094],[4.5916333,52.2141163],[4.5915815,52.2141088],[4.5915464,52.2140881],[4.5914307,52.2139433],[4.5914059,52.2139464],[4.5913296,52.2138267],[4.5912941,52.2138395],[4.5913059,52.2139139],[4.5913365,52.2139809],[4.5915154,52.2141861],[4.5915495,52.2142081],[4.5916024,52.2142128],[4.5916501,52.2142073],[4.5918234,52.2141662],[4.5919123,52.2141555],[4.5919462,52.2141235],[4.5920963,52.2140708],[4.5921171,52.2140737],[4.5926099,52.2139303],[4.592723,52.2139149],[4.5928435,52.2139491],[4.5929279,52.2139741],[4.5930728,52.2140321],[4.5932707,52.2140921],[4.5933366,52.214117],[4.5933599,52.2141514],[4.5933352,52.2141937],[4.5932684,52.2142224],[4.5931485,52.2142511],[4.5930657,52.2142832],[4.5928154,52.2143351],[4.5926717,52.2143586],[4.5923757,52.2144527],[4.5923225,52.214459],[4.5922509,52.2144308],[4.5921219,52.2143406],[4.5920577,52.2142574],[4.591995,52.2142703],[4.5921253,52.2144954],[4.5921463,52.2145295],[4.5921752,52.2145426],[4.5922601,52.2145384],[4.592474,52.2145104],[4.5926833,52.2144633],[4.5928431,52.2144232],[4.5933099,52.2143328],[4.5934277,52.2142981],[4.5935096,52.2142655],[4.5935516,52.2142513],[4.5937077,52.2142854],[4.5937496,52.2143117],[4.5938023,52.2143058],[4.5938843,52.2143317],[4.5938759,52.2143608],[4.593797,52.2144265],[4.593867,52.2144587],[4.5939701,52.214374],[4.594006,52.2143733],[4.5940782,52.2144198],[4.5941901,52.21443],[4.5944445,52.2144882],[4.594475,52.2144952],[4.5945352,52.2144705],[4.5946105,52.2144631],[4.5946589,52.2144627],[4.5948374,52.2144946],[4.5950738,52.214555],[4.5950625,52.2146005],[4.595034,52.2146073],[4.5950209,52.2146256],[4.5949429,52.2146208],[4.594883,52.2146287],[4.5946567,52.2147622],[4.5946986,52.2147904],[4.5947042,52.2147822],[4.5949369,52.2146723],[4.5950241,52.2146766],[4.5952223,52.2147187],[4.5953413,52.2147344],[4.5955255,52.214724],[4.5955709,52.2147291],[4.5956512,52.2147657],[4.5957121,52.2148006],[4.5959607,52.2148145],[4.5960122,52.2148312],[4.5961343,52.2148992],[4.5962278,52.214972],[4.5962885,52.2150005],[4.5965508,52.2151263],[4.5966491,52.2151517],[4.5968361,52.2152822],[4.5968608,52.2153296],[4.5968792,52.2153585],[4.5969234,52.2153958],[4.5970983,52.2155038],[4.5972573,52.215582],[4.5972947,52.2155813],[4.5974317,52.2156418],[4.5974531,52.215683],[4.5974468,52.2157135],[4.5982524,52.2155196],[4.6024198,52.2146252],[4.6020187,52.2146274],[4.6016786,52.2146516],[4.601148,52.2146982],[4.6008953,52.2147205],[4.6006572,52.2147397],[4.6002659,52.2147601],[4.6001211,52.2147756],[4.6000539,52.2148138],[4.599919,52.2148265],[4.5999039,52.2148566],[4.5998151,52.2148846],[4.5996872,52.2148971],[4.599606,52.214913],[4.5995379,52.2149016],[4.5995272,52.2148584],[4.5994957,52.2148436],[4.5994604,52.214851],[4.599419,52.2149006],[4.5993394,52.2149137],[4.5992797,52.214916],[4.5991979,52.2149251],[4.5991171,52.214945],[4.5989277,52.2149321],[4.5988391,52.2149204],[4.5987451,52.214908],[4.5986732,52.2148931],[4.598567,52.2148601],[4.5984585,52.214856],[4.5983701,52.2148676],[4.5983142,52.2148771],[4.5982777,52.2148773],[4.5979798,52.2148869],[4.5976963,52.214885],[4.5975909,52.2148756],[4.5974072,52.2148426],[4.5971273,52.214768],[4.5969701,52.214706],[4.5968839,52.2146638],[4.5967931,52.2146279],[4.5967235,52.2146006]]]}},{"type":"Feature","properties":{"name":"Energiepark","osmRef":"relation/11078592"},"geometry":{"type":"Polygon","coordinates":[[[4.493166,52.1645641],[4.4933282,52.1645468],[4.4933942,52.1645375],[4.4934367,52.1645246],[4.4935282,52.1644523],[4.4936409,52.1644256],[4.4936878,52.1644219],[4.4937214,52.164426],[4.4937562,52.1644387],[4.4939152,52.1646021],[4.4940065,52.1645621],[4.4938483,52.1644508],[4.4937818,52.1643839],[4.4937326,52.1643571],[4.493547,52.1642704],[4.4934773,52.1640365],[4.4933939,52.1640369],[4.4933773,52.1639856],[4.4933661,52.1639386],[4.4931266,52.1639549],[4.4930658,52.1639584],[4.493041,52.1639599],[4.493058,52.164052],[4.4931208,52.1640862],[4.4931947,52.1641375],[4.4932266,52.1641957],[4.4932094,52.1642584],[4.4931493,52.1643042],[4.4930706,52.1643393],[4.4929874,52.1643627],[4.4928472,52.1643767],[4.4926538,52.1643824],[4.492571,52.1644025],[4.4923844,52.1644188],[4.4921815,52.1644366],[4.4921685,52.1646252],[4.492074,52.1646852],[4.4922019,52.1647449],[4.492418,52.1648514],[4.4924963,52.1648871],[4.492595,52.1649159],[4.4926706,52.1649233],[4.4927689,52.1649187],[4.4928745,52.1649001],[4.4930896,52.1648163],[4.4930659,52.1648075],[4.4929998,52.1647674],[4.492971,52.1647336],[4.4929616,52.1647098],[4.4929608,52.1646855],[4.4929683,52.1646514],[4.4930119,52.1646135],[4.4930566,52.1645919],[4.493166,52.1645641]]]}},{"type":"Feature","properties":{"name":"Dorpsweide","osmRef":"relation/16163465"},"geometry":{"type":"MultiPolygon","coordinates":[[[[4.4432607,52.178971],[4.44323,52.1790005],[4.4430731,52.1790409],[4.4429634,52.1790426],[4.442716,52.1788492],[4.4441169,52.1781833],[4.4441452,52.1781772],[4.4441778,52.1781739],[4.444275,52.1781156],[4.4443499,52.1780998],[4.4443999,52.1781025],[4.4444509,52.1781287],[4.4447613,52.1783744],[4.4446707,52.1784229],[4.4446974,52.1784427],[4.4445885,52.178491],[4.4445555,52.1784667],[4.4441886,52.178653],[4.4438697,52.1786511],[4.4438457,52.1786602],[4.4437306,52.1786726],[4.4436783,52.1786513],[4.443175,52.1788966],[4.4432607,52.178971]]],[[[4.4416355,52.1781128],[4.4416321,52.1780644],[4.44191,52.1779334],[4.4419944,52.1779462],[4.4428017,52.1786262],[4.4428008,52.1786656],[4.4425136,52.1787982],[4.4424847,52.1787977],[4.4416355,52.1781128]]],[[[4.4427074,52.1784177],[4.4426837,52.1783842],[4.442682,52.1782855],[4.442656,52.1780139],[4.4426683,52.1779783],[4.4427019,52.1779371],[4.4427507,52.1779024],[4.4429096,52.1778228],[4.4429447,52.1777975],[4.4429768,52.1777638],[4.4430089,52.1777123],[4.4430272,52.1776589],[4.4430287,52.1776327],[4.4430287,52.177614],[4.4430134,52.1775952],[4.443018,52.1775821],[4.4430486,52.1775568],[4.4431772,52.177503],[4.4432602,52.1774893],[4.4433725,52.1774813],[4.4434665,52.1774866],[4.4436145,52.1774999],[4.443675,52.1775045],[4.4437333,52.177527],[4.4437603,52.1775462],[4.44377,52.1775793],[4.4437614,52.1776065],[4.4437322,52.1776542],[4.4436804,52.1776932],[4.4435552,52.1777681],[4.443497,52.1778145],[4.443465,52.1778473],[4.4434237,52.1778726],[4.4432679,52.1779447],[4.4431748,52.1780046],[4.4431259,52.178044],[4.4430908,52.1780946],[4.4430816,52.1781386],[4.4430785,52.1782023],[4.4430617,52.178251],[4.4430297,52.1782903],[4.4428601,52.1784271],[4.4428082,52.1784383],[4.4427532,52.1784374],[4.4427074,52.1784177]]],[[[4.4436238,52.1778539],[4.4436637,52.1778299],[4.4437309,52.1777962],[4.4438154,52.1777754],[4.4438758,52.1777727],[4.4439223,52.1777846],[4.4439442,52.1778],[4.443973,52.1778191],[4.4439984,52.1778448],[4.443995,52.1778866],[4.4439644,52.1779232],[4.4438789,52.1779531],[4.4437811,52.1779672],[4.4436574,52.1779569],[4.4435994,52.1779419],[4.4435826,52.17791],[4.4435948,52.177881],[4.4436238,52.1778539]]],[[[4.4418884,52.1777847],[4.442053,52.1779093],[4.4421232,52.1779052],[4.4429462,52.1775203],[4.4429966,52.1774931],[4.443365,52.1773104],[4.4433758,52.1772919],[4.4433585,52.1772627],[4.443184,52.1771265],[4.4417708,52.1777756],[4.441678,52.1777009],[4.4409307,52.1770998],[4.4401187,52.1764639],[4.4400681,52.1764722],[4.43989,52.1765684],[4.4398087,52.1766509],[4.4399611,52.1767342],[4.4414918,52.1779866],[4.4415804,52.1779984],[4.4418322,52.1778755],[4.4418428,52.1778521],[4.4418102,52.1778202],[4.4418473,52.1778037],[4.4418341,52.1777931],[4.4418507,52.1777846],[4.441866,52.177795],[4.4418884,52.1777847]]],[[[4.4459187,52.1784143],[4.4443814,52.1772813],[4.4443631,52.1772754],[4.4443177,52.1772846],[4.444227,52.1773257],[4.4438619,52.1775058],[4.4438489,52.1775224],[4.4438504,52.1775448],[4.4438688,52.1775651],[4.444079,52.1777269],[4.4441101,52.1777509],[4.4441557,52.1777385],[4.4442091,52.1777404],[4.4442662,52.1777552],[4.4443062,52.1777926],[4.4443029,52.1778307],[4.4442779,52.1778664],[4.4452695,52.1786447],[4.4458832,52.1784685],[4.4459187,52.1784143]]],[[[4.4467643,52.1779703],[4.446372,52.1777178],[4.4463232,52.177719],[4.445677,52.1780358],[4.4456399,52.1780589],[4.445616,52.1781029],[4.4456335,52.1781456],[4.4459563,52.1783702],[4.446063,52.1783736],[4.4461924,52.1782966],[4.4464551,52.1781544],[4.4467749,52.1780002],[4.4467643,52.1779703]]],[[[4.4468262,52.1779162],[4.4469196,52.1778946],[4.4471571,52.1777356],[4.447221,52.1776894],[4.4473107,52.1776082],[4.446355,52.1769491],[4.4462954,52.1769477],[4.4458621,52.1771846],[4.4458669,52.1772167],[4.4468262,52.1779162]]],[[[4.4456592,52.1774611],[4.4456498,52.1775119],[4.4454398,52.1776439],[4.4454292,52.1776717],[4.4453074,52.1777552],[4.4452193,52.1777624],[4.445112,52.1777584],[4.4448257,52.177542],[4.4440202,52.1769333],[4.4445493,52.1766554],[4.4453611,52.1772447],[4.4456592,52.1774611]]],[[[4.4420918,52.1785986],[4.4427273,52.1791098],[4.4427143,52.1791477],[4.4415524,52.1792522],[4.4415112,52.1792399],[4.4412129,52.1790117],[4.4420122,52.1786333],[4.4420918,52.1785986]]]]}},{"type":"Feature","properties":{"osmRef":"relation/17351826"},"geometry":{"type":"Polygon","coordinates":[[[4.9619779,51.5501221],[4.9619636,51.5499039],[4.9602348,51.5500801],[4.9599087,51.5501084],[4.9595679,51.550122],[4.9592308,51.5501232],[4.9588154,51.5501107],[4.9581794,51.5500676],[4.9577475,51.5500489],[4.957303,51.550045],[4.9568456,51.5500542],[4.9566136,51.5500575],[4.956482,51.5500516],[4.9563684,51.5500188],[4.9563684,51.5501551],[4.9544376,51.5501802],[4.9543566,51.5494179],[4.9556639,51.5493573],[4.9555855,51.5492815],[4.9553561,51.5491164],[4.9550514,51.5489738],[4.9547237,51.5488678],[4.9544813,51.5487476],[4.9543709,51.5486312],[4.9543221,51.5485296],[4.954305,51.5483991],[4.9543367,51.548208],[4.9544848,51.5475846],[4.9545294,51.547389],[4.9546001,51.5471615],[4.9548074,51.546755],[4.9550128,51.5464205],[4.9550214,51.5463188],[4.9550924,51.5462023],[4.9553378,51.5459641],[4.9554632,51.5458272],[4.9554551,51.545778],[4.9554277,51.5456806],[4.955468,51.5455853],[4.9554809,51.5455411],[4.9554228,51.5454588],[4.9553147,51.5453684],[4.9552388,51.5453273],[4.9550709,51.5452861],[4.9548013,51.5452329],[4.9544284,51.5451536],[4.9543671,51.5451506],[4.9542831,51.5451586],[4.9542056,51.5451556],[4.9541201,51.5451395],[4.9540135,51.5454016],[4.9539606,51.5455472],[4.953734,51.5461427],[4.9535587,51.5465705],[4.9533629,51.5470923],[4.9531935,51.5476775],[4.9531146,51.5480851],[4.95307,51.548578],[4.9530659,51.5487191],[4.9530957,51.5491193],[4.9531243,51.5495375],[4.9532271,51.5500223],[4.9533455,51.5505165],[4.953703,51.5504924],[4.9536877,51.5505147],[4.953766,51.5505094],[4.9539806,51.5504949],[4.9541177,51.5504861],[4.9544438,51.5504653],[4.9547987,51.5504454],[4.9550046,51.5504374],[4.9552391,51.5504318],[4.955601,51.5504268],[4.9559399,51.5504257],[4.9562464,51.5504268],[4.9565891,51.5504322],[4.9569196,51.5504335],[4.9572222,51.5504324],[4.9575227,51.5504385],[4.9578536,51.5504484],[4.9581648,51.5504479],[4.9584423,51.5504449],[4.9587067,51.5504362],[4.9589731,51.5504202],[4.9592537,51.5503949],[4.959521,51.5503667],[4.9596072,51.5503502],[4.9596324,51.5503454],[4.959663,51.5503499],[4.9597039,51.5503496],[4.9600576,51.5503129],[4.9605731,51.5502612],[4.9608807,51.5502306],[4.9612712,51.5501908],[4.961662,51.5501523],[4.9619779,51.5501221]],[[4.9545279,51.5504106],[4.9551392,51.5503809],[4.9557474,51.550371],[4.9562855,51.550371],[4.9564797,51.5503552],[4.9566835,51.5503354],[4.9568458,51.5503274],[4.9571483,51.5503373],[4.9577023,51.5503472],[4.9582977,51.5503512],[4.9586543,51.5503393],[4.9590778,51.5503215],[4.9593548,51.5502878],[4.9595522,51.5502601],[4.9597242,51.5502423],[4.959756,51.5502047],[4.9596127,51.5501987],[4.9594185,51.5502126],[4.9593357,51.5502126],[4.9592688,51.5502463],[4.9591256,51.5502661],[4.9590396,51.5502581],[4.9589791,51.5502166],[4.9587785,51.5502047],[4.9587212,51.5502086],[4.9586512,51.5502482],[4.9585142,51.5502621],[4.9584442,51.5502364],[4.9583137,51.5502364],[4.9581927,51.5502324],[4.9580398,51.5501354],[4.9575813,51.5501255],[4.9573107,51.5501136],[4.9570082,51.5501235],[4.9564128,51.550175],[4.955671,51.5502304],[4.955152,51.5502284],[4.9548272,51.5502245],[4.9547189,51.5502265],[4.9545757,51.550276],[4.9544961,51.5503096],[4.954461,51.5503373],[4.9544579,51.5503789],[4.9545279,51.5504106]],[[4.953911,51.550194],[4.9539698,51.5502517],[4.9540608,51.5502927],[4.9541678,51.5502849],[4.9542177,51.5502561],[4.954232,51.5502051],[4.9541981,51.5501596],[4.954116,51.5500986],[4.9540608,51.550041],[4.9539859,51.5500022],[4.953911,51.5500022],[4.95382,51.5500166],[4.9537808,51.5500798],[4.9537968,51.5501252],[4.9538985,51.5501641],[4.953911,51.550194]],[[4.9538011,51.5491291],[4.95377,51.5490815],[4.9537518,51.5490201],[4.9537682,51.548977],[4.9537846,51.5489293],[4.9538285,51.5489123],[4.9538705,51.5489293],[4.9538905,51.5489634],[4.953896,51.5490054],[4.9538778,51.5490372],[4.9538668,51.549061],[4.9538741,51.5491064],[4.9538759,51.5491337],[4.953854,51.549145],[4.9538011,51.5491291]],[[4.9540165,51.5477518],[4.9541024,51.5477155],[4.9541389,51.5476496],[4.9541407,51.5476031],[4.9541133,51.5475599],[4.9540658,51.5475565],[4.9540384,51.5475758],[4.9540403,51.5476008],[4.9540202,51.5476576],[4.9540092,51.5476769],[4.9539855,51.5477042],[4.9539782,51.5477359],[4.9540165,51.5477518]],[[4.9546348,51.5458153],[4.9547845,51.5458534],[4.9549057,51.5458587],[4.9549514,51.5458481],[4.9549542,51.5458144],[4.9549314,51.5457851],[4.9548459,51.5457754],[4.9547346,51.5457709],[4.9546719,51.5457567],[4.9546148,51.5457576],[4.9545863,51.5457718],[4.9545835,51.545794],[4.9546348,51.5458153]]]}}]}
